year,month,week_number_in_month,rank,song_name,song_performer
2020,7,2,1,How You Like That,BLACKPINK
2020,7,2,2,Summer Hate (Feat. 비),지코 (ZICO)
2020,7,2,3,Downtown Baby,블루 (BLOO)
2020,7,2,4,마리아 (Maria),화사 (HWASA)
2020,7,2,5,에잇(Prod.&Feat. SUGA of BTS),아이유
2020,7,2,6,보라빛 밤 (pporappippam),선미
2020,7,2,7,아로하,조정석
2020,7,2,8,Into the I-LAND,아이유
2020,7,2,9,사랑하게 될 줄 알았어,전미도
2020,7,2,10,살짝 설렜어 (Nonstop),오마이걸 (OH MY GIRL)
2020,7,2,11,Monster,레드벨벳-아이린&슬기
2020,7,2,12,Dolphin,오마이걸 (OH MY GIRL)
2020,7,2,13,MORE & MORE,TWICE (트와이스)
2020,7,2,14,Dance Monkey,Tones And I
2020,7,2,15,Memories,Maroon 5
2020,7,2,16,어떻게 지내 (Prod. By VAN.C),오반(OVAN)
2020,7,2,17,나비와 고양이 (feat.백현 (BAEKHYUN)),볼빨간사춘기
2020,7,2,18,METEOR,창모 (CHANGMO)
2020,7,2,19,Don't Start Now,Dua Lipa
2020,7,2,20,좋은 사람 있으면 소개시켜줘,조이 (JOY)
2020,7,2,21,아무노래,지코 (ZICO)
2020,7,2,22,흔들리는 꽃들 속에서 네 샴푸향이 느껴진거야,장범준
2020,7,2,23,처음처럼,엠씨더맥스 (M.C the MAX)
2020,7,2,24,깡 Official Remix,식케이 (Sik-K)
2020,7,2,25,Blueming,아이유
2020,7,2,26,시작,가호 (Gaho)
2020,7,2,27,PLAY (Feat. 창모),청하
2020,7,2,28,환상동화 (Secret Story of the Swan),IZ*ONE (아이즈원)
2020,7,2,29,Left & Right,세븐틴 (SEVENTEEN)
2020,7,2,30,ON,방탄소년단
2020,7,2,31,2002,Anne-Marie
2020,7,2,32,작은 것들을 위한 시 (Boy With Luv) (Feat. Halsey),방탄소년단
2020,7,2,33,"너에게 난, 나에게 넌",미도와 파라솔
2020,7,2,34,늦은 밤 너의 집 앞 골목길에서,노을
2020,7,2,35,화려하지 않은 고백,규현 (KYUHYUN)
2020,7,2,36,"어떻게 이별까지 사랑하겠어, 널 사랑하는 거지",AKMU (악뮤)
2020,7,2,37,이제 나만 믿어요,임영웅
2020,7,2,38,마음을 드려요,아이유
2020,7,2,39,Psycho,Red Velvet (레드벨벳)
2020,7,2,40,오늘도 빛나는 너에게 (To You My Light) (Feat.이라온),마크툽 (MAKTUB)
2020,7,2,41,덤더럼 (Dumhdurum),Apink (에이핑크)
2020,7,2,42,첫 줄,신용재 (2F)
2020,7,2,43,"모든 날, 모든 순간 (Every day, Every Moment)",폴킴
2020,7,2,44,어떻게 지내 (답가),런치
2020,7,2,45,Maniac,Conan Gray
2020,7,2,46,그때 그 아인,김필
2020,7,2,47,그대 고운 내사랑,어반자카파
2020,7,2,48,돌덩이,하현우 (국카스텐)
2020,7,2,49,Candy,백현 (BAEKHYUN)
2020,7,2,50,사랑은 지날수록 더욱 선명하게 남아,전상근
2020,7,2,51,내 눈물 모아,휘인 (Whee In)
2020,7,2,52,FIESTA,IZ*ONE (아이즈원)
2020,7,2,53,취했나봐,황인욱
2020,7,2,54,Paris in the Rain,Lauv
2020,7,2,55,너를 사랑하고 있어,백현 (BAEKHYUN)
2020,7,2,56,우리 왜 헤어져야 해,신예영
2020,7,2,57,안녕,폴킴
2020,7,2,58,반만,진민호
2020,7,2,59,00:00 (Zero O’Clock),방탄소년단
2020,7,2,60,Love poem,아이유
2020,7,2,61,WANNABE,ITZY (있지)
2020,7,2,62,여름 안에서 by 싹쓰리 (Feat. 황광희),"싹쓰리 (유두래곤, 린다G, 비룡)"
2020,7,2,63,Black Swan,방탄소년단
2020,7,2,64,별이 온다,신용재 (2F)
2020,7,2,65,찐이야,영탁
2020,7,2,66,친구,방탄소년단
2020,7,2,67,봄날,방탄소년단
2020,7,2,68,어느 60대 노부부이야기,임영웅
2020,7,2,69,니가 왜 거기서 나와 (Narr. 고은아),영탁
2020,7,2,70,Error (Feat. Loopy),ASH ISLAND
2020,7,2,71,Happy,태연 (TAEYEON)
2020,7,2,72,Painkiller,Ruel
2020,7,2,73,Filter,방탄소년단
2020,7,2,74,bad guy,Billie Eilish
2020,7,2,75,Moon,방탄소년단
2020,7,2,76,아주 NICE,세븐틴 (SEVENTEEN)
2020,7,2,77,HIP,마마무 (Mamamoo)
2020,7,2,78,Stuck with U,Ariana Grande
2020,7,2,79,My My,세븐틴 (SEVENTEEN)
2020,7,2,80,We are Bulletproof : the Eternal,방탄소년단
2020,7,2,81,바램,임영웅
2020,7,2,82,시차,방탄소년단
2020,7,2,83,너를 만나,폴킴
2020,7,2,84,우리 만남이,폴킴
2020,7,2,85,To Die For,Sam Smith
2020,7,2,86,Inner Child,방탄소년단
2020,7,2,87,시든 꽃에 물을 주듯,HYNN (박혜원)
2020,7,2,88,너에게 가는 이 길 위에서 (너.이.길),백현 (BAEKHYUN)
2020,7,2,89,너를 그린 우주 (Insomnia2020) (Feat. 이라온),마크툽 (MAKTUB)
2020,7,2,90,오늘 술 한잔해요,지아
2020,7,2,91,Louder than bombs,방탄소년단
2020,7,2,92,12:45 (Stripped),Etham
2020,7,2,93,욱 (UGH!),방탄소년단
2020,7,2,94,조금 취했어 (Prod. 2soo),임재현
2020,7,2,95,Interlude : Shadow,방탄소년단
2020,7,2,96,언제라도 어디에서라도,정승환
2020,7,2,97,나보다 더 사랑해요,김호중
2020,7,2,98,Outro : Ego,방탄소년단
2020,7,2,99,포장마차,황인욱
2020,7,2,100,사랑이란 멜로는 없어,전상근
2020,7,3,1,How You Like That,BLACKPINK
2020,7,3,2,Summer Hate (Feat. 비),지코 (ZICO)
2020,7,3,3,마리아 (Maria),화사 (HWASA)
2020,7,3,4,Downtown Baby,블루 (BLOO)
2020,7,3,5,여름 안에서 by 싹쓰리 (Feat. 황광희),"싹쓰리 (유두래곤, 린다G, 비룡)"
2020,7,3,6,에잇(Prod.&Feat. SUGA of BTS),아이유
2020,7,3,7,보라빛 밤 (pporappippam),선미
2020,7,3,8,아로하,조정석
2020,7,3,9,사랑하게 될 줄 알았어,전미도
2020,7,3,10,살짝 설렜어 (Nonstop),오마이걸 (OH MY GIRL)
2020,7,3,11,Into the I-LAND,아이유
2020,7,3,12,Dolphin,오마이걸 (OH MY GIRL)
2020,7,3,13,Dance Monkey,Tones And I
2020,7,3,14,Memories,Maroon 5
2020,7,3,15,어떻게 지내 (Prod. By VAN.C),오반(OVAN)
2020,7,3,16,MORE & MORE,TWICE (트와이스)
2020,7,3,17,Monster,레드벨벳-아이린&슬기
2020,7,3,18,METEOR,창모 (CHANGMO)
2020,7,3,19,다시 여기 바닷가,"싹쓰리 (유두래곤, 린다G, 비룡)"
2020,7,3,20,Don't Start Now,Dua Lipa
2020,7,3,21,아무노래,지코 (ZICO)
2020,7,3,22,흔들리는 꽃들 속에서 네 샴푸향이 느껴진거야,장범준
2020,7,3,23,나비와 고양이 (feat.백현 (BAEKHYUN)),볼빨간사춘기
2020,7,3,24,Blueming,아이유
2020,7,3,25,처음처럼,엠씨더맥스 (M.C the MAX)
2020,7,3,26,좋은 사람 있으면 소개시켜줘,조이 (JOY)
2020,7,3,27,시작,가호 (Gaho)
2020,7,3,28,PLAY (Feat. 창모),청하
2020,7,3,29,깡 Official Remix,식케이 (Sik-K)
2020,7,3,30,2002,Anne-Marie
2020,7,3,31,늦은 밤 너의 집 앞 골목길에서,노을
2020,7,3,32,"어떻게 이별까지 사랑하겠어, 널 사랑하는 거지",AKMU (악뮤)
2020,7,3,33,환상동화 (Secret Story of the Swan),IZ*ONE (아이즈원)
2020,7,3,34,ON,방탄소년단
2020,7,3,35,작은 것들을 위한 시 (Boy With Luv) (Feat. Halsey),방탄소년단
2020,7,3,36,마음을 드려요,아이유
2020,7,3,37,"너에게 난, 나에게 넌",미도와 파라솔
2020,7,3,38,화려하지 않은 고백,규현 (KYUHYUN)
2020,7,3,39,오늘도 빛나는 너에게 (To You My Light) (Feat.이라온),마크툽 (MAKTUB)
2020,7,3,40,Psycho,Red Velvet (레드벨벳)
2020,7,3,41,"모든 날, 모든 순간 (Every day, Every Moment)",폴킴
2020,7,3,42,Maniac,Conan Gray
2020,7,3,43,Left & Right,세븐틴 (SEVENTEEN)
2020,7,3,44,이제 나만 믿어요,임영웅
2020,7,3,45,덤더럼 (Dumhdurum),Apink (에이핑크)
2020,7,3,46,그때 그 아인,김필
2020,7,3,47,어떻게 지내 (답가),런치
2020,7,3,48,안녕,폴킴
2020,7,3,49,첫 줄,신용재 (2F)
2020,7,3,50,사랑은 지날수록 더욱 선명하게 남아,전상근
2020,7,3,51,돌덩이,하현우 (국카스텐)
2020,7,3,52,Paris in the Rain,Lauv
2020,7,3,53,OHIO,Crush
2020,7,3,54,우리 왜 헤어져야 해,신예영
2020,7,3,55,그대 고운 내사랑,어반자카파
2020,7,3,56,취했나봐,황인욱
2020,7,3,57,내 눈물 모아,휘인 (Whee In)
2020,7,3,58,FIESTA,IZ*ONE (아이즈원)
2020,7,3,59,반만,진민호
2020,7,3,60,Candy,백현 (BAEKHYUN)
2020,7,3,61,너를 사랑하고 있어,백현 (BAEKHYUN)
2020,7,3,62,Love poem,아이유
2020,7,3,63,아직 너의 시간에 살아,이수현
2020,7,3,64,오늘따라 비가 와서 그런가 봐,솔지
2020,7,3,65,WANNABE,ITZY (있지)
2020,7,3,66,봄날,방탄소년단
2020,7,3,67,00:00 (Zero O’Clock),방탄소년단
2020,7,3,68,찐이야,영탁
2020,7,3,69,Painkiller,Ruel
2020,7,3,70,거짓말이라도 해서 널 보고싶어,백지영
2020,7,3,71,Black Swan,방탄소년단
2020,7,3,72,bad guy,Billie Eilish
2020,7,3,73,어느 60대 노부부이야기,임영웅
2020,7,3,74,친구,방탄소년단
2020,7,3,75,니가 왜 거기서 나와 (Narr. 고은아),영탁
2020,7,3,76,Error (Feat. Loopy),ASH ISLAND
2020,7,3,77,HIP,마마무 (Mamamoo)
2020,7,3,78,Apple,여자친구 (GFRIEND)
2020,7,3,79,너를 만나,폴킴
2020,7,3,80,비,폴킴
2020,7,3,81,Stuck with U,Ariana Grande
2020,7,3,82,Happy,태연 (TAEYEON)
2020,7,3,83,시든 꽃에 물을 주듯,HYNN (박혜원)
2020,7,3,84,별이 온다,신용재 (2F)
2020,7,3,85,12:45 (Stripped),Etham
2020,7,3,86,10억뷰 (Feat. MOON),세훈&찬열
2020,7,3,87,To Die For,Sam Smith
2020,7,3,88,Filter,방탄소년단
2020,7,3,89,바램,임영웅
2020,7,3,90,Moon,방탄소년단
2020,7,3,91,우리 만남이,폴킴
2020,7,3,92,조금 취했어 (Prod. 2soo),임재현
2020,7,3,93,아주 NICE,세븐틴 (SEVENTEEN)
2020,7,3,94,너를 그린 우주 (Insomnia2020) (Feat. 이라온),마크툽 (MAKTUB)
2020,7,3,95,시차,방탄소년단
2020,7,3,96,We are Bulletproof : the Eternal,방탄소년단
2020,7,3,97,포장마차,황인욱
2020,7,3,98,사랑이란 멜로는 없어,전상근
2020,7,3,99,Inner Child,방탄소년단
2020,7,3,100,불 좀 꺼줄래,주시크 (Joosiq)
2020,7,4,1,다시 여기 바닷가,"싹쓰리 (유두래곤, 린다G, 비룡)"
2020,7,4,2,마리아 (Maria),화사 (HWASA)
2020,7,4,3,How You Like That,BLACKPINK
2020,7,4,4,Summer Hate (Feat. 비),지코 (ZICO)
2020,7,4,5,여름 안에서 by 싹쓰리 (Feat. 황광희),"싹쓰리 (유두래곤, 린다G, 비룡)"
2020,7,4,6,Downtown Baby,블루 (BLOO)
2020,7,4,7,에잇(Prod.&Feat. SUGA of BTS),아이유
2020,7,4,8,보라빛 밤 (pporappippam),선미
2020,7,4,9,아로하,조정석
2020,7,4,10,살짝 설렜어 (Nonstop),오마이걸 (OH MY GIRL)
2020,7,4,11,Dolphin,오마이걸 (OH MY GIRL)
2020,7,4,12,사랑하게 될 줄 알았어,전미도
2020,7,4,13,Dance Monkey,Tones And I
2020,7,4,14,Into the I-LAND,아이유
2020,7,4,15,Memories,Maroon 5
2020,7,4,16,어떻게 지내 (Prod. By VAN.C),오반(OVAN)
2020,7,4,17,METEOR,창모 (CHANGMO)
2020,7,4,18,홀로,이하이
2020,7,4,19,MORE & MORE,TWICE (트와이스)
2020,7,4,20,Don't Start Now,Dua Lipa
2020,7,4,21,Monster,레드벨벳-아이린&슬기
2020,7,4,22,흔들리는 꽃들 속에서 네 샴푸향이 느껴진거야,장범준
2020,7,4,23,아무노래,지코 (ZICO)
2020,7,4,24,Blueming,아이유
2020,7,4,25,처음처럼,엠씨더맥스 (M.C the MAX)
2020,7,4,26,나비와 고양이 (feat.백현 (BAEKHYUN)),볼빨간사춘기
2020,7,4,27,좋은 사람 있으면 소개시켜줘,조이 (JOY)
2020,7,4,28,PLAY (Feat. 창모),청하
2020,7,4,29,시작,가호 (Gaho)
2020,7,4,30,2002,Anne-Marie
2020,7,4,31,"어떻게 이별까지 사랑하겠어, 널 사랑하는 거지",AKMU (악뮤)
2020,7,4,32,늦은 밤 너의 집 앞 골목길에서,노을
2020,7,4,33,깡 Official Remix,식케이 (Sik-K)
2020,7,4,34,마음을 드려요,아이유
2020,7,4,35,오늘도 빛나는 너에게 (To You My Light) (Feat.이라온),마크툽 (MAKTUB)
2020,7,4,36,작은 것들을 위한 시 (Boy With Luv) (Feat. Halsey),방탄소년단
2020,7,4,37,ON,방탄소년단
2020,7,4,38,Psycho,Red Velvet (레드벨벳)
2020,7,4,39,"모든 날, 모든 순간 (Every day, Every Moment)",폴킴
2020,7,4,40,Maniac,Conan Gray
2020,7,4,41,"너에게 난, 나에게 넌",미도와 파라솔
2020,7,4,42,환상동화 (Secret Story of the Swan),IZ*ONE (아이즈원)
2020,7,4,43,사랑은 지날수록 더욱 선명하게 남아,전상근
2020,7,4,44,화려하지 않은 고백,규현 (KYUHYUN)
2020,7,4,45,이제 나만 믿어요,임영웅
2020,7,4,46,덤더럼 (Dumhdurum),Apink (에이핑크)
2020,7,4,47,우리 왜 헤어져야 해,신예영
2020,7,4,48,그때 그 아인,김필
2020,7,4,49,어떻게 지내 (답가),런치
2020,7,4,50,안녕,폴킴
2020,7,4,51,Paris in the Rain,Lauv
2020,7,4,52,Left & Right,세븐틴 (SEVENTEEN)
2020,7,4,53,취기를 빌려 (취향저격 그녀 X 산들),산들
2020,7,4,54,돌덩이,하현우 (국카스텐)
2020,7,4,55,첫 줄,신용재 (2F)
2020,7,4,56,취했나봐,황인욱
2020,7,4,57,그 여름을 틀어줘,"싹쓰리 (유두래곤, 린다G, 비룡)"
2020,7,4,58,그대 고운 내사랑,어반자카파
2020,7,4,59,FIESTA,IZ*ONE (아이즈원)
2020,7,4,60,내 눈물 모아,휘인 (Whee In)
2020,7,4,61,반만,진민호
2020,7,4,62,Love poem,아이유
2020,7,4,63,오늘따라 비가 와서 그런가 봐,솔지
2020,7,4,64,아직 너의 시간에 살아,이수현
2020,7,4,65,너를 사랑하고 있어,백현 (BAEKHYUN)
2020,7,4,66,Candy,백현 (BAEKHYUN)
2020,7,4,67,비,폴킴
2020,7,4,68,봄날,방탄소년단
2020,7,4,69,OHIO,Crush
2020,7,4,70,WANNABE,ITZY (있지)
2020,7,4,71,Painkiller,Ruel
2020,7,4,72,거짓말이라도 해서 널 보고싶어,백지영
2020,7,4,73,00:00 (Zero O’Clock),방탄소년단
2020,7,4,74,Black Swan,방탄소년단
2020,7,4,75,찐이야,영탁
2020,7,4,76,어느 60대 노부부이야기,임영웅
2020,7,4,77,bad guy,Billie Eilish
2020,7,4,78,불 좀 꺼줄래,주시크 (Joosiq)
2020,7,4,79,HIP,마마무 (Mamamoo)
2020,7,4,80,너를 만나,폴킴
2020,7,4,81,Error (Feat. Loopy),ASH ISLAND
2020,7,4,82,친구,방탄소년단
2020,7,4,83,Stuck with U,Ariana Grande
2020,7,4,84,To Die For,Sam Smith
2020,7,4,85,12:45 (Stripped),Etham
2020,7,4,86,시든 꽃에 물을 주듯,HYNN (박혜원)
2020,7,4,87,니가 왜 거기서 나와 (Narr. 고은아),영탁
2020,7,4,88,바램,임영웅
2020,7,4,89,Apple,여자친구 (GFRIEND)
2020,7,4,90,조금 취했어 (Prod. 2soo),임재현
2020,7,4,91,Filter,방탄소년단
2020,7,4,92,Moon,방탄소년단
2020,7,4,93,10억뷰 (Feat. MOON),세훈&찬열
2020,7,4,94,Happy,태연 (TAEYEON)
2020,7,4,95,사랑이란 멜로는 없어,전상근
2020,7,4,96,포장마차,황인욱
2020,7,4,97,우리 만남이,폴킴
2020,7,4,98,너를 그린 우주 (Insomnia2020) (Feat. 이라온),마크툽 (MAKTUB)
2020,7,4,99,What You Waiting For,전소미
2020,7,4,100,We are Bulletproof : the Eternal,방탄소년단
2020,7,5,1,다시 여기 바닷가,"싹쓰리 (유두래곤, 린다G, 비룡)"
2020,7,5,2,마리아 (Maria),화사 (HWASA)
2020,7,5,3,How You Like That,BLACKPINK
2020,7,5,4,그 여름을 틀어줘,"싹쓰리 (유두래곤, 린다G, 비룡)"
2020,7,5,5,Summer Hate (Feat. 비),지코 (ZICO)
2020,7,5,6,여름 안에서 by 싹쓰리 (Feat. 황광희),"싹쓰리 (유두래곤, 린다G, 비룡)"
2020,7,5,7,Downtown Baby,블루 (BLOO)
2020,7,5,8,에잇(Prod.&Feat. SUGA of BTS),아이유
2020,7,5,9,홀로,이하이
2020,7,5,10,아로하,조정석
2020,7,5,11,보라빛 밤 (pporappippam),선미
2020,7,5,12,Dolphin,오마이걸 (OH MY GIRL)
2020,7,5,13,살짝 설렜어 (Nonstop),오마이걸 (OH MY GIRL)
2020,7,5,14,사랑하게 될 줄 알았어,전미도
2020,7,5,15,Dance Monkey,Tones And I
2020,7,5,16,어떻게 지내 (Prod. By VAN.C),오반(OVAN)
2020,7,5,17,Memories,Maroon 5
2020,7,5,18,Into the I-LAND,아이유
2020,7,5,19,METEOR,창모 (CHANGMO)
2020,7,5,20,Don't Start Now,Dua Lipa
2020,7,5,21,흔들리는 꽃들 속에서 네 샴푸향이 느껴진거야,장범준
2020,7,5,22,Blueming,아이유
2020,7,5,23,MORE & MORE,TWICE (트와이스)
2020,7,5,24,아무노래,지코 (ZICO)
2020,7,5,25,처음처럼,엠씨더맥스 (M.C the MAX)
2020,7,5,26,Monster,레드벨벳-아이린&슬기
2020,7,5,27,PLAY (Feat. 창모),청하
2020,7,5,28,시작,가호 (Gaho)
2020,7,5,29,나비와 고양이 (feat.백현 (BAEKHYUN)),볼빨간사춘기
2020,7,5,30,좋은 사람 있으면 소개시켜줘,조이 (JOY)
2020,7,5,31,"어떻게 이별까지 사랑하겠어, 널 사랑하는 거지",AKMU (악뮤)
2020,7,5,32,2002,Anne-Marie
2020,7,5,33,늦은 밤 너의 집 앞 골목길에서,노을
2020,7,5,34,마음을 드려요,아이유
2020,7,5,35,오늘도 빛나는 너에게 (To You My Light) (Feat.이라온),마크툽 (MAKTUB)
2020,7,5,36,사랑은 지날수록 더욱 선명하게 남아,전상근
2020,7,5,37,작은 것들을 위한 시 (Boy With Luv) (Feat. Halsey),방탄소년단
2020,7,5,38,"모든 날, 모든 순간 (Every day, Every Moment)",폴킴
2020,7,5,39,Psycho,Red Velvet (레드벨벳)
2020,7,5,40,취기를 빌려 (취향저격 그녀 X 산들),산들
2020,7,5,41,깡 Official Remix,식케이 (Sik-K)
2020,7,5,42,ON,방탄소년단
2020,7,5,43,Maniac,Conan Gray
2020,7,5,44,우리 왜 헤어져야 해,신예영
2020,7,5,45,화려하지 않은 고백,규현 (KYUHYUN)
2020,7,5,46,이제 나만 믿어요,임영웅
2020,7,5,47,"너에게 난, 나에게 넌",미도와 파라솔
2020,7,5,48,덤더럼 (Dumhdurum),Apink (에이핑크)
2020,7,5,49,Paris in the Rain,Lauv
2020,7,5,50,그때 그 아인,김필
2020,7,5,51,안녕,폴킴
2020,7,5,52,환상동화 (Secret Story of the Swan),IZ*ONE (아이즈원)
2020,7,5,53,어떻게 지내 (답가),런치
2020,7,5,54,첫 줄,신용재 (2F)
2020,7,5,55,돌덩이,하현우 (국카스텐)
2020,7,5,56,취했나봐,황인욱
2020,7,5,57,거짓말이라도 해서 널 보고싶어,백지영
2020,7,5,58,FIESTA,IZ*ONE (아이즈원)
2020,7,5,59,반만,진민호
2020,7,5,60,Left & Right,세븐틴 (SEVENTEEN)
2020,7,5,61,비,폴킴
2020,7,5,62,Love poem,아이유
2020,7,5,63,그대 고운 내사랑,어반자카파
2020,7,5,64,내 눈물 모아,휘인 (Whee In)
2020,7,5,65,아직 너의 시간에 살아,이수현
2020,7,5,66,너를 사랑하고 있어,백현 (BAEKHYUN)
2020,7,5,67,Candy,백현 (BAEKHYUN)
2020,7,5,68,오늘따라 비가 와서 그런가 봐,솔지
2020,7,5,69,봄날,방탄소년단
2020,7,5,70,Painkiller,Ruel
2020,7,5,71,What You Waiting For,전소미
2020,7,5,72,WANNABE,ITZY (있지)
2020,7,5,73,Stuck with U,Ariana Grande
2020,7,5,74,00:00 (Zero O’Clock),방탄소년단
2020,7,5,75,찐이야,영탁
2020,7,5,76,bad guy,Billie Eilish
2020,7,5,77,HIP,마마무 (Mamamoo)
2020,7,5,78,어느 60대 노부부이야기,임영웅
2020,7,5,79,Black Swan,방탄소년단
2020,7,5,80,LINDA (Feat. 윤미래),린다G
2020,7,5,81,To Die For,Sam Smith
2020,7,5,82,너를 만나,폴킴
2020,7,5,83,OHIO,Crush
2020,7,5,84,니가 왜 거기서 나와 (Narr. 고은아),영탁
2020,7,5,85,12:45 (Stripped),Etham
2020,7,5,86,Error (Feat. Loopy),ASH ISLAND
2020,7,5,87,친구,방탄소년단
2020,7,5,88,시든 꽃에 물을 주듯,HYNN (박혜원)
2020,7,5,89,바램,임영웅
2020,7,5,90,조금 취했어 (Prod. 2soo),임재현
2020,7,5,91,사랑이란 멜로는 없어,전상근
2020,7,5,92,포장마차,황인욱
2020,7,5,93,불 좀 꺼줄래,주시크 (Joosiq)
2020,7,5,94,10억뷰 (Feat. MOON),세훈&찬열
2020,7,5,95,Apple,여자친구 (GFRIEND)
2020,7,5,96,Moon,방탄소년단
2020,7,5,97,눈누난나 (NUNU NANA),제시 (Jessi)
2020,7,5,98,Filter,방탄소년단
2020,7,5,99,신난다 (Feat. 마마무),비룡
2020,7,5,100,우리 만남이,폴킴
2020,8,1,1,다시 여기 바닷가,"싹쓰리 (유두래곤, 린다G, 비룡)"
2020,8,1,2,마리아 (Maria),화사 (HWASA)
2020,8,1,3,그 여름을 틀어줘,"싹쓰리 (유두래곤, 린다G, 비룡)"
2020,8,1,4,How You Like That,BLACKPINK
2020,8,1,5,Summer Hate (Feat. 비),지코 (ZICO)
2020,8,1,6,여름 안에서 by 싹쓰리 (Feat. 황광희),"싹쓰리 (유두래곤, 린다G, 비룡)"
2020,8,1,7,Downtown Baby,블루 (BLOO)
2020,8,1,8,에잇(Prod.&Feat. SUGA of BTS),아이유
2020,8,1,9,LINDA (Feat. 윤미래),린다G
2020,8,1,10,홀로,이하이
2020,8,1,11,아로하,조정석
2020,8,1,12,신난다 (Feat. 마마무),비룡
2020,8,1,13,Dolphin,오마이걸 (OH MY GIRL)
2020,8,1,14,보라빛 밤 (pporappippam),선미
2020,8,1,15,살짝 설렜어 (Nonstop),오마이걸 (OH MY GIRL)
2020,8,1,16,Dance Monkey,Tones And I
2020,8,1,17,눈누난나 (NUNU NANA),제시 (Jessi)
2020,8,1,18,사랑하게 될 줄 알았어,전미도
2020,8,1,19,어떻게 지내 (Prod. By VAN.C),오반(OVAN)
2020,8,1,20,Memories,Maroon 5
2020,8,1,21,Into the I-LAND,아이유
2020,8,1,22,METEOR,창모 (CHANGMO)
2020,8,1,23,Blueming,아이유
2020,8,1,24,흔들리는 꽃들 속에서 네 샴푸향이 느껴진거야,장범준
2020,8,1,25,Don't Start Now,Dua Lipa
2020,8,1,26,아무노래,지코 (ZICO)
2020,8,1,27,처음처럼,엠씨더맥스 (M.C the MAX)
2020,8,1,28,MORE & MORE,TWICE (트와이스)
2020,8,1,29,PLAY (Feat. 창모),청하
2020,8,1,30,시작,가호 (Gaho)
2020,8,1,31,"어떻게 이별까지 사랑하겠어, 널 사랑하는 거지",AKMU (악뮤)
2020,8,1,32,Monster,레드벨벳-아이린&슬기
2020,8,1,33,취기를 빌려 (취향저격 그녀 X 산들),산들
2020,8,1,34,좋은 사람 있으면 소개시켜줘,조이 (JOY)
2020,8,1,35,나비와 고양이 (feat.백현 (BAEKHYUN)),볼빨간사춘기
2020,8,1,36,2002,Anne-Marie
2020,8,1,37,늦은 밤 너의 집 앞 골목길에서,노을
2020,8,1,38,두리쥬와 (Feat. S.B.N),유두래곤
2020,8,1,39,사랑은 지날수록 더욱 선명하게 남아,전상근
2020,8,1,40,오늘도 빛나는 너에게 (To You My Light) (Feat.이라온),마크툽 (MAKTUB)
2020,8,1,41,마음을 드려요,아이유
2020,8,1,42,덤디덤디 (DUMDi DUMDi),i-dle (아이들)
2020,8,1,43,작은 것들을 위한 시 (Boy With Luv) (Feat. Halsey),방탄소년단
2020,8,1,44,"모든 날, 모든 순간 (Every day, Every Moment)",폴킴
2020,8,1,45,Psycho,Red Velvet (레드벨벳)
2020,8,1,46,거짓말이라도 해서 널 보고싶어,백지영
2020,8,1,47,우리 왜 헤어져야 해,신예영
2020,8,1,48,ON,방탄소년단
2020,8,1,49,Maniac,Conan Gray
2020,8,1,50,이제 나만 믿어요,임영웅
2020,8,1,51,Paris in the Rain,Lauv
2020,8,1,52,화려하지 않은 고백,규현 (KYUHYUN)
2020,8,1,53,안녕,폴킴
2020,8,1,54,깡 Official Remix,식케이 (Sik-K)
2020,8,1,55,그때 그 아인,김필
2020,8,1,56,덤더럼 (Dumhdurum),Apink (에이핑크)
2020,8,1,57,어떻게 지내 (답가),런치
2020,8,1,58,"너에게 난, 나에게 넌",미도와 파라솔
2020,8,1,59,첫 줄,신용재 (2F)
2020,8,1,60,환상동화 (Secret Story of the Swan),IZ*ONE (아이즈원)
2020,8,1,61,취했나봐,황인욱
2020,8,1,62,비,폴킴
2020,8,1,63,돌덩이,하현우 (국카스텐)
2020,8,1,64,반만,진민호
2020,8,1,65,Love poem,아이유
2020,8,1,66,FIESTA,IZ*ONE (아이즈원)
2020,8,1,67,What You Waiting For,전소미
2020,8,1,68,아직 너의 시간에 살아,이수현
2020,8,1,69,내 눈물 모아,휘인 (Whee In)
2020,8,1,70,봄날,방탄소년단
2020,8,1,71,너를 사랑하고 있어,백현 (BAEKHYUN)
2020,8,1,72,그대 고운 내사랑,어반자카파
2020,8,1,73,Stuck with U,Ariana Grande
2020,8,1,74,Left & Right,세븐틴 (SEVENTEEN)
2020,8,1,75,Painkiller,Ruel
2020,8,1,76,Candy,백현 (BAEKHYUN)
2020,8,1,77,다시 여기 바닷가 (Acoustic Ver.),이상순
2020,8,1,78,오늘따라 비가 와서 그런가 봐,솔지
2020,8,1,79,WANNABE,ITZY (있지)
2020,8,1,80,HIP,마마무 (Mamamoo)
2020,8,1,81,bad guy,Billie Eilish
2020,8,1,82,00:00 (Zero O’Clock),방탄소년단
2020,8,1,83,찐이야,영탁
2020,8,1,84,어느 60대 노부부이야기,임영웅
2020,8,1,85,To Die For,Sam Smith
2020,8,1,86,Black Swan,방탄소년단
2020,8,1,87,너를 만나,폴킴
2020,8,1,88,12:45 (Stripped),Etham
2020,8,1,89,친구,방탄소년단
2020,8,1,90,Error (Feat. Loopy),ASH ISLAND
2020,8,1,91,니가 왜 거기서 나와 (Narr. 고은아),영탁
2020,8,1,92,시든 꽃에 물을 주듯,HYNN (박혜원)
2020,8,1,93,바램,임영웅
2020,8,1,94,사랑이란 멜로는 없어,전상근
2020,8,1,95,조금 취했어 (Prod. 2soo),임재현
2020,8,1,96,포장마차,황인욱
2020,8,1,97,Moon,방탄소년단
2020,8,1,98,OHIO,Crush
2020,8,1,99,10억뷰 (Feat. MOON),세훈&찬열
2020,8,1,100,Filter,방탄소년단
2020,8,2,1,다시 여기 바닷가,"싹쓰리 (유두래곤, 린다G, 비룡)"
2020,8,2,2,마리아 (Maria),화사 (HWASA)
2020,8,2,3,How You Like That,BLACKPINK
2020,8,2,4,그 여름을 틀어줘,"싹쓰리 (유두래곤, 린다G, 비룡)"
2020,8,2,5,Summer Hate (Feat. 비),지코 (ZICO)
2020,8,2,6,눈누난나 (NUNU NANA),제시 (Jessi)
2020,8,2,7,Downtown Baby,블루 (BLOO)
2020,8,2,8,에잇(Prod.&Feat. SUGA of BTS),아이유
2020,8,2,9,여름 안에서 by 싹쓰리 (Feat. 황광희),"싹쓰리 (유두래곤, 린다G, 비룡)"
2020,8,2,10,홀로,이하이
2020,8,2,11,아로하,조정석
2020,8,2,12,Dolphin,오마이걸 (OH MY GIRL)
2020,8,2,13,LINDA (Feat. 윤미래),린다G
2020,8,2,14,신난다 (Feat. 마마무),비룡
2020,8,2,15,보라빛 밤 (pporappippam),선미
2020,8,2,16,살짝 설렜어 (Nonstop),오마이걸 (OH MY GIRL)
2020,8,2,17,Dance Monkey,Tones And I
2020,8,2,18,사랑하게 될 줄 알았어,전미도
2020,8,2,19,어떻게 지내 (Prod. By VAN.C),오반(OVAN)
2020,8,2,20,Memories,Maroon 5
2020,8,2,21,METEOR,창모 (CHANGMO)
2020,8,2,22,덤디덤디 (DUMDi DUMDi),i-dle (아이들)
2020,8,2,23,Into the I-LAND,아이유
2020,8,2,24,Blueming,아이유
2020,8,2,25,Don't Start Now,Dua Lipa
2020,8,2,26,흔들리는 꽃들 속에서 네 샴푸향이 느껴진거야,장범준
2020,8,2,27,취기를 빌려 (취향저격 그녀 X 산들),산들
2020,8,2,28,아무노래,지코 (ZICO)
2020,8,2,29,처음처럼,엠씨더맥스 (M.C the MAX)
2020,8,2,30,"어떻게 이별까지 사랑하겠어, 널 사랑하는 거지",AKMU (악뮤)
2020,8,2,31,시작,가호 (Gaho)
2020,8,2,32,MORE & MORE,TWICE (트와이스)
2020,8,2,33,PLAY (Feat. 창모),청하
2020,8,2,34,2002,Anne-Marie
2020,8,2,35,늦은 밤 너의 집 앞 골목길에서,노을
2020,8,2,36,사랑은 지날수록 더욱 선명하게 남아,전상근
2020,8,2,37,좋은 사람 있으면 소개시켜줘,조이 (JOY)
2020,8,2,38,나비와 고양이 (feat.백현 (BAEKHYUN)),볼빨간사춘기
2020,8,2,39,오늘도 빛나는 너에게 (To You My Light) (Feat.이라온),마크툽 (MAKTUB)
2020,8,2,40,Monster,레드벨벳-아이린&슬기
2020,8,2,41,마음을 드려요,아이유
2020,8,2,42,작은 것들을 위한 시 (Boy With Luv) (Feat. Halsey),방탄소년단
2020,8,2,43,"모든 날, 모든 순간 (Every day, Every Moment)",폴킴
2020,8,2,44,Psycho,Red Velvet (레드벨벳)
2020,8,2,45,거짓말이라도 해서 널 보고싶어,백지영
2020,8,2,46,우리 왜 헤어져야 해,신예영
2020,8,2,47,Maniac,Conan Gray
2020,8,2,48,ON,방탄소년단
2020,8,2,49,이제 나만 믿어요,임영웅
2020,8,2,50,Paris in the Rain,Lauv
2020,8,2,51,안녕,폴킴
2020,8,2,52,화려하지 않은 고백,규현 (KYUHYUN)
2020,8,2,53,그때 그 아인,김필
2020,8,2,54,덤더럼 (Dumhdurum),Apink (에이핑크)
2020,8,2,55,어떻게 지내 (답가),런치
2020,8,2,56,깡 Official Remix,식케이 (Sik-K)
2020,8,2,57,"너에게 난, 나에게 넌",미도와 파라솔
2020,8,2,58,취했나봐,황인욱
2020,8,2,59,첫 줄,신용재 (2F)
2020,8,2,60,환상동화 (Secret Story of the Swan),IZ*ONE (아이즈원)
2020,8,2,61,돌덩이,하현우 (국카스텐)
2020,8,2,62,Love poem,아이유
2020,8,2,63,반만,진민호
2020,8,2,64,오래된 노래,스탠딩 에그
2020,8,2,65,FIESTA,IZ*ONE (아이즈원)
2020,8,2,66,비,폴킴
2020,8,2,67,두리쥬와 (Feat. S.B.N),유두래곤
2020,8,2,68,What You Waiting For,전소미
2020,8,2,69,봄날,방탄소년단
2020,8,2,70,Stuck with U,Ariana Grande
2020,8,2,71,아틀란티스 소녀 (Atlantis Princess),볼빨간사춘기
2020,8,2,72,Painkiller,Ruel
2020,8,2,73,아직 너의 시간에 살아,이수현
2020,8,2,74,나가,먼데이 키즈
2020,8,2,75,너를 사랑하고 있어,백현 (BAEKHYUN)
2020,8,2,76,When We Disco (Duet with 선미),박진영
2020,8,2,77,내 눈물 모아,휘인 (Whee In)
2020,8,2,78,그대 고운 내사랑,어반자카파
2020,8,2,79,HIP,마마무 (Mamamoo)
2020,8,2,80,WANNABE,ITZY (있지)
2020,8,2,81,bad guy,Billie Eilish
2020,8,2,82,Left & Right,세븐틴 (SEVENTEEN)
2020,8,2,83,Candy,백현 (BAEKHYUN)
2020,8,2,84,To Die For,Sam Smith
2020,8,2,85,찐이야,영탁
2020,8,2,86,오늘따라 비가 와서 그런가 봐,솔지
2020,8,2,87,어느 60대 노부부이야기,임영웅
2020,8,2,88,00:00 (Zero O’Clock),방탄소년단
2020,8,2,89,너를 만나,폴킴
2020,8,2,90,12:45 (Stripped),Etham
2020,8,2,91,Black Swan,방탄소년단
2020,8,2,92,니가 왜 거기서 나와 (Narr. 고은아),영탁
2020,8,2,93,시든 꽃에 물을 주듯,HYNN (박혜원)
2020,8,2,94,친구,방탄소년단
2020,8,2,95,Error (Feat. Loopy),ASH ISLAND
2020,8,2,96,바램,임영웅
2020,8,2,97,조금 취했어 (Prod. 2soo),임재현
2020,8,2,98,사랑이란 멜로는 없어,전상근
2020,8,2,99,포장마차,황인욱
2020,8,2,100,Moon,방탄소년단
2020,8,3,1,다시 여기 바닷가,"싹쓰리 (유두래곤, 린다G, 비룡)"
2020,8,3,2,눈누난나 (NUNU NANA),제시 (Jessi)
2020,8,3,3,마리아 (Maria),화사 (HWASA)
2020,8,3,4,How You Like That,BLACKPINK
2020,8,3,5,그 여름을 틀어줘,"싹쓰리 (유두래곤, 린다G, 비룡)"
2020,8,3,6,Summer Hate (Feat. 비),지코 (ZICO)
2020,8,3,7,에잇(Prod.&Feat. SUGA of BTS),아이유
2020,8,3,8,Downtown Baby,블루 (BLOO)
2020,8,3,9,Dolphin,오마이걸 (OH MY GIRL)
2020,8,3,10,아로하,조정석
2020,8,3,11,여름 안에서 by 싹쓰리 (Feat. 황광희),"싹쓰리 (유두래곤, 린다G, 비룡)"
2020,8,3,12,홀로,이하이
2020,8,3,13,덤디덤디 (DUMDi DUMDi),i-dle (아이들)
2020,8,3,14,보라빛 밤 (pporappippam),선미
2020,8,3,15,살짝 설렜어 (Nonstop),오마이걸 (OH MY GIRL)
2020,8,3,16,신난다 (Feat. 마마무),비룡
2020,8,3,17,LINDA (Feat. 윤미래),린다G
2020,8,3,18,Dance Monkey,Tones And I
2020,8,3,19,When We Disco (Duet with 선미),박진영
2020,8,3,20,취기를 빌려 (취향저격 그녀 X 산들),산들
2020,8,3,21,어떻게 지내 (Prod. By VAN.C),오반(OVAN)
2020,8,3,22,사랑하게 될 줄 알았어,전미도
2020,8,3,23,Memories,Maroon 5
2020,8,3,24,METEOR,창모 (CHANGMO)
2020,8,3,25,Dynamite,방탄소년단
2020,8,3,26,Blueming,아이유
2020,8,3,27,Don't Start Now,Dua Lipa
2020,8,3,28,흔들리는 꽃들 속에서 네 샴푸향이 느껴진거야,장범준
2020,8,3,29,Not Shy,ITZY (있지)
2020,8,3,30,Into the I-LAND,아이유
2020,8,3,31,아무노래,지코 (ZICO)
2020,8,3,32,사랑은 지날수록 더욱 선명하게 남아,전상근
2020,8,3,33,처음처럼,엠씨더맥스 (M.C the MAX)
2020,8,3,34,작은 것들을 위한 시 (Boy With Luv) (Feat. Halsey),방탄소년단
2020,8,3,35,"어떻게 이별까지 사랑하겠어, 널 사랑하는 거지",AKMU (악뮤)
2020,8,3,36,2002,Anne-Marie
2020,8,3,37,시작,가호 (Gaho)
2020,8,3,38,오래된 노래,스탠딩 에그
2020,8,3,39,늦은 밤 너의 집 앞 골목길에서,노을
2020,8,3,40,PLAY (Feat. 창모),청하
2020,8,3,41,MORE & MORE,TWICE (트와이스)
2020,8,3,42,좋은 사람 있으면 소개시켜줘,조이 (JOY)
2020,8,3,43,오늘도 빛나는 너에게 (To You My Light) (Feat.이라온),마크툽 (MAKTUB)
2020,8,3,44,나비와 고양이 (feat.백현 (BAEKHYUN)),볼빨간사춘기
2020,8,3,45,ON,방탄소년단
2020,8,3,46,마음을 드려요,아이유
2020,8,3,47,"모든 날, 모든 순간 (Every day, Every Moment)",폴킴
2020,8,3,48,Psycho,Red Velvet (레드벨벳)
2020,8,3,49,우리 왜 헤어져야 해,신예영
2020,8,3,50,거짓말이라도 해서 널 보고싶어,백지영
2020,8,3,51,Maniac,Conan Gray
2020,8,3,52,Monster,레드벨벳-아이린&슬기
2020,8,3,53,이제 나만 믿어요,임영웅
2020,8,3,54,안녕,폴킴
2020,8,3,55,Paris in the Rain,Lauv
2020,8,3,56,봄날,방탄소년단
2020,8,3,57,그때 그 아인,김필
2020,8,3,58,덤더럼 (Dumhdurum),Apink (에이핑크)
2020,8,3,59,화려하지 않은 고백,규현 (KYUHYUN)
2020,8,3,60,어떻게 지내 (답가),런치
2020,8,3,61,취했나봐,황인욱
2020,8,3,62,"너에게 난, 나에게 넌",미도와 파라솔
2020,8,3,63,첫 줄,신용재 (2F)
2020,8,3,64,Love poem,아이유
2020,8,3,65,돌덩이,하현우 (국카스텐)
2020,8,3,66,반만,진민호
2020,8,3,67,깡 Official Remix,식케이 (Sik-K)
2020,8,3,68,환상동화 (Secret Story of the Swan),IZ*ONE (아이즈원)
2020,8,3,69,FIESTA,IZ*ONE (아이즈원)
2020,8,3,70,아틀란티스 소녀 (Atlantis Princess),볼빨간사춘기
2020,8,3,71,Stuck with U,Ariana Grande
2020,8,3,72,Painkiller,Ruel
2020,8,3,73,나가,먼데이 키즈
2020,8,3,74,00:00 (Zero O’Clock),방탄소년단
2020,8,3,75,What You Waiting For,전소미
2020,8,3,76,너를 사랑하고 있어,백현 (BAEKHYUN)
2020,8,3,77,To Die For,Sam Smith
2020,8,3,78,WANNABE,ITZY (있지)
2020,8,3,79,Black Swan,방탄소년단
2020,8,3,80,12:45 (Stripped),Etham
2020,8,3,81,HIP,마마무 (Mamamoo)
2020,8,3,82,bad guy,Billie Eilish
2020,8,3,83,내 눈물 모아,휘인 (Whee In)
2020,8,3,84,친구,방탄소년단
2020,8,3,85,그대 고운 내사랑,어반자카파
2020,8,3,86,비,폴킴
2020,8,3,87,Candy,백현 (BAEKHYUN)
2020,8,3,88,아직 너의 시간에 살아,이수현
2020,8,3,89,찐이야,영탁
2020,8,3,90,Left & Right,세븐틴 (SEVENTEEN)
2020,8,3,91,어느 60대 노부부이야기,임영웅
2020,8,3,92,두리쥬와 (Feat. S.B.N),유두래곤
2020,8,3,93,너를 만나,폴킴
2020,8,3,94,시든 꽃에 물을 주듯,HYNN (박혜원)
2020,8,3,95,사랑이란 멜로는 없어,전상근
2020,8,3,96,조금 취했어 (Prod. 2soo),임재현
2020,8,3,97,Moon,방탄소년단
2020,8,3,98,OCEAN VIEW (Feat.찬열),로시 (Rothy)
2020,8,3,99,바램,임영웅
2020,8,3,100,니가 왜 거기서 나와 (Narr. 고은아),영탁
2020,8,4,1,Dynamite,방탄소년단
2020,8,4,2,다시 여기 바닷가,"싹쓰리 (유두래곤, 린다G, 비룡)"
2020,8,4,3,눈누난나 (NUNU NANA),제시 (Jessi)
2020,8,4,4,마리아 (Maria),화사 (HWASA)
2020,8,4,5,How You Like That,BLACKPINK
2020,8,4,6,그 여름을 틀어줘,"싹쓰리 (유두래곤, 린다G, 비룡)"
2020,8,4,7,Summer Hate (Feat. 비),지코 (ZICO)
2020,8,4,8,When We Disco (Duet with 선미),박진영
2020,8,4,9,에잇(Prod.&Feat. SUGA of BTS),아이유
2020,8,4,10,Dolphin,오마이걸 (OH MY GIRL)
2020,8,4,11,Downtown Baby,블루 (BLOO)
2020,8,4,12,덤디덤디 (DUMDi DUMDi),i-dle (아이들)
2020,8,4,13,아로하,조정석
2020,8,4,14,취기를 빌려 (취향저격 그녀 X 산들),산들
2020,8,4,15,홀로,이하이
2020,8,4,16,Not Shy,ITZY (있지)
2020,8,4,17,살짝 설렜어 (Nonstop),오마이걸 (OH MY GIRL)
2020,8,4,18,여름 안에서 by 싹쓰리 (Feat. 황광희),"싹쓰리 (유두래곤, 린다G, 비룡)"
2020,8,4,19,보라빛 밤 (pporappippam),선미
2020,8,4,20,Dance Monkey,Tones And I
2020,8,4,21,어떻게 지내 (Prod. By VAN.C),오반(OVAN)
2020,8,4,22,신난다 (Feat. 마마무),비룡
2020,8,4,23,오래된 노래,스탠딩 에그
2020,8,4,24,Memories,Maroon 5
2020,8,4,25,사랑하게 될 줄 알았어,전미도
2020,8,4,26,METEOR,창모 (CHANGMO)
2020,8,4,27,LINDA (Feat. 윤미래),린다G
2020,8,4,28,작은 것들을 위한 시 (Boy With Luv) (Feat. Halsey),방탄소년단
2020,8,4,29,내 마음이 움찔했던 순간 (취향저격 그녀 X 규현),규현 (KYUHYUN)
2020,8,4,30,Blueming,아이유
2020,8,4,31,흔들리는 꽃들 속에서 네 샴푸향이 느껴진거야,장범준
2020,8,4,32,Don't Start Now,Dua Lipa
2020,8,4,33,사랑은 지날수록 더욱 선명하게 남아,전상근
2020,8,4,34,아무노래,지코 (ZICO)
2020,8,4,35,Into the I-LAND,아이유
2020,8,4,36,처음처럼,엠씨더맥스 (M.C the MAX)
2020,8,4,37,ON,방탄소년단
2020,8,4,38,"어떻게 이별까지 사랑하겠어, 널 사랑하는 거지",AKMU (악뮤)
2020,8,4,39,2002,Anne-Marie
2020,8,4,40,늦은 밤 너의 집 앞 골목길에서,노을
2020,8,4,41,시작,가호 (Gaho)
2020,8,4,42,오늘도 빛나는 너에게 (To You My Light) (Feat.이라온),마크툽 (MAKTUB)
2020,8,4,43,거짓말이라도 해서 널 보고싶어,백지영
2020,8,4,44,봄날,방탄소년단
2020,8,4,45,좋은 사람 있으면 소개시켜줘,조이 (JOY)
2020,8,4,46,PLAY (Feat. 창모),청하
2020,8,4,47,MORE & MORE,TWICE (트와이스)
2020,8,4,48,마음을 드려요,아이유
2020,8,4,49,"모든 날, 모든 순간 (Every day, Every Moment)",폴킴
2020,8,4,50,나비와 고양이 (feat.백현 (BAEKHYUN)),볼빨간사춘기
2020,8,4,51,우리 왜 헤어져야 해,신예영
2020,8,4,52,Maniac,Conan Gray
2020,8,4,53,Psycho,Red Velvet (레드벨벳)
2020,8,4,54,안녕,폴킴
2020,8,4,55,이제 나만 믿어요,임영웅
2020,8,4,56,Paris in the Rain,Lauv
2020,8,4,57,Monster,레드벨벳-아이린&슬기
2020,8,4,58,그때 그 아인,김필
2020,8,4,59,취했나봐,황인욱
2020,8,4,60,화려하지 않은 고백,규현 (KYUHYUN)
2020,8,4,61,Ice Cream (with Selena Gomez),BLACKPINK
2020,8,4,62,어떻게 지내 (답가),런치
2020,8,4,63,00:00 (Zero O’Clock),방탄소년단
2020,8,4,64,덤더럼 (Dumhdurum),Apink (에이핑크)
2020,8,4,65,12:45 (Stripped),Etham
2020,8,4,66,Black Swan,방탄소년단
2020,8,4,67,첫 줄,신용재 (2F)
2020,8,4,68,Love poem,아이유
2020,8,4,69,"너에게 난, 나에게 넌",미도와 파라솔
2020,8,4,70,친구,방탄소년단
2020,8,4,71,반만,진민호
2020,8,4,72,돌덩이,하현우 (국카스텐)
2020,8,4,73,Stuck with U,Ariana Grande
2020,8,4,74,Painkiller,Ruel
2020,8,4,75,아틀란티스 소녀 (Atlantis Princess),볼빨간사춘기
2020,8,4,76,FIESTA,IZ*ONE (아이즈원)
2020,8,4,77,나가,먼데이 키즈
2020,8,4,78,너를 사랑하고 있어,백현 (BAEKHYUN)
2020,8,4,79,To Die For,Sam Smith
2020,8,4,80,환상동화 (Secret Story of the Swan),IZ*ONE (아이즈원)
2020,8,4,81,Moon,방탄소년단
2020,8,4,82,WANNABE,ITZY (있지)
2020,8,4,83,깡 Official Remix,식케이 (Sik-K)
2020,8,4,84,Filter,방탄소년단
2020,8,4,85,HIP,마마무 (Mamamoo)
2020,8,4,86,bad guy,Billie Eilish
2020,8,4,87,비,폴킴
2020,8,4,88,Candy,백현 (BAEKHYUN)
2020,8,4,89,Left & Right,세븐틴 (SEVENTEEN)
2020,8,4,90,What You Waiting For,전소미
2020,8,4,91,내 눈물 모아,휘인 (Whee In)
2020,8,4,92,어느 60대 노부부이야기,임영웅
2020,8,4,93,시차,방탄소년단
2020,8,4,94,찐이야,영탁
2020,8,4,95,너를 만나,폴킴
2020,8,4,96,그대 고운 내사랑,어반자카파
2020,8,4,97,We are Bulletproof : the Eternal,방탄소년단
2020,8,4,98,사랑이란 멜로는 없어,전상근
2020,8,4,99,시든 꽃에 물을 주듯,HYNN (박혜원)
2020,8,4,100,아직 너의 시간에 살아,이수현
2020,9,1,1,Dynamite,방탄소년단
2020,9,1,2,다시 여기 바닷가,"싹쓰리 (유두래곤, 린다G, 비룡)"
2020,9,1,3,눈누난나 (NUNU NANA),제시 (Jessi)
2020,9,1,4,마리아 (Maria),화사 (HWASA)
2020,9,1,5,How You Like That,BLACKPINK
2020,9,1,6,When We Disco (Duet with 선미),박진영
2020,9,1,7,취기를 빌려 (취향저격 그녀 X 산들),산들
2020,9,1,8,에잇(Prod.&Feat. SUGA of BTS),아이유
2020,9,1,9,Summer Hate (Feat. 비),지코 (ZICO)
2020,9,1,10,Dolphin,오마이걸 (OH MY GIRL)
2020,9,1,11,Downtown Baby,블루 (BLOO)
2020,9,1,12,그 여름을 틀어줘,"싹쓰리 (유두래곤, 린다G, 비룡)"
2020,9,1,13,아로하,조정석
2020,9,1,14,덤디덤디 (DUMDi DUMDi),i-dle (아이들)
2020,9,1,15,홀로,이하이
2020,9,1,16,오래된 노래,스탠딩 에그
2020,9,1,17,Not Shy,ITZY (있지)
2020,9,1,18,Ice Cream (with Selena Gomez),BLACKPINK
2020,9,1,19,살짝 설렜어 (Nonstop),오마이걸 (OH MY GIRL)
2020,9,1,20,Dance Monkey,Tones And I
2020,9,1,21,보라빛 밤 (pporappippam),선미
2020,9,1,22,어떻게 지내 (Prod. By VAN.C),오반(OVAN)
2020,9,1,23,내 마음이 움찔했던 순간 (취향저격 그녀 X 규현),규현 (KYUHYUN)
2020,9,1,24,Memories,Maroon 5
2020,9,1,25,사랑하게 될 줄 알았어,전미도
2020,9,1,26,여름 안에서 by 싹쓰리 (Feat. 황광희),"싹쓰리 (유두래곤, 린다G, 비룡)"
2020,9,1,27,작은 것들을 위한 시 (Boy With Luv) (Feat. Halsey),방탄소년단
2020,9,1,28,METEOR,창모 (CHANGMO)
2020,9,1,29,신난다 (Feat. 마마무),비룡
2020,9,1,30,Blueming,아이유
2020,9,1,31,흔들리는 꽃들 속에서 네 샴푸향이 느껴진거야,장범준
2020,9,1,32,사랑은 지날수록 더욱 선명하게 남아,전상근
2020,9,1,33,Don't Start Now,Dua Lipa
2020,9,1,34,거짓말이라도 해서 널 보고싶어,백지영
2020,9,1,35,LINDA (Feat. 윤미래),린다G
2020,9,1,36,"어떻게 이별까지 사랑하겠어, 널 사랑하는 거지",AKMU (악뮤)
2020,9,1,37,처음처럼,엠씨더맥스 (M.C the MAX)
2020,9,1,38,늦은 밤 너의 집 앞 골목길에서,노을
2020,9,1,39,ON,방탄소년단
2020,9,1,40,아무노래,지코 (ZICO)
2020,9,1,41,2002,Anne-Marie
2020,9,1,42,Into the I-LAND,아이유
2020,9,1,43,오늘도 빛나는 너에게 (To You My Light) (Feat.이라온),마크툽 (MAKTUB)
2020,9,1,44,시작,가호 (Gaho)
2020,9,1,45,봄날,방탄소년단
2020,9,1,46,"모든 날, 모든 순간 (Every day, Every Moment)",폴킴
2020,9,1,47,마음을 드려요,아이유
2020,9,1,48,우리 왜 헤어져야 해,신예영
2020,9,1,49,좋은 사람 있으면 소개시켜줘,조이 (JOY)
2020,9,1,50,Maniac,Conan Gray
2020,9,1,51,나비와 고양이 (feat.백현 (BAEKHYUN)),볼빨간사춘기
2020,9,1,52,MORE & MORE,TWICE (트와이스)
2020,9,1,53,안녕,폴킴
2020,9,1,54,Psycho,Red Velvet (레드벨벳)
2020,9,1,55,PLAY (Feat. 창모),청하
2020,9,1,56,이제 나만 믿어요,임영웅
2020,9,1,57,Paris in the Rain,Lauv
2020,9,1,58,12:45 (Stripped),Etham
2020,9,1,59,취했나봐,황인욱
2020,9,1,60,그때 그 아인,김필
2020,9,1,61,화려하지 않은 고백,규현 (KYUHYUN)
2020,9,1,62,첫 줄,신용재 (2F)
2020,9,1,63,어떻게 지내 (답가),런치
2020,9,1,64,00:00 (Zero O’Clock),방탄소년단
2020,9,1,65,Monster,레드벨벳-아이린&슬기
2020,9,1,66,Love poem,아이유
2020,9,1,67,Black Swan,방탄소년단
2020,9,1,68,덤더럼 (Dumhdurum),Apink (에이핑크)
2020,9,1,69,반만,진민호
2020,9,1,70,Stuck with U,Ariana Grande
2020,9,1,71,bad guy,Billie Eilish
2020,9,1,72,Painkiller,Ruel
2020,9,1,73,친구,방탄소년단
2020,9,1,74,"너에게 난, 나에게 넌",미도와 파라솔
2020,9,1,75,돌덩이,하현우 (국카스텐)
2020,9,1,76,너를 사랑하고 있어,백현 (BAEKHYUN)
2020,9,1,77,To Die For,Sam Smith
2020,9,1,78,비,폴킴
2020,9,1,79,FIESTA,IZ*ONE (아이즈원)
2020,9,1,80,아틀란티스 소녀 (Atlantis Princess),볼빨간사춘기
2020,9,1,81,Moon,방탄소년단
2020,9,1,82,Filter,방탄소년단
2020,9,1,83,WANNABE,ITZY (있지)
2020,9,1,84,듣고 싶던 말,허각
2020,9,1,85,너를 만나,폴킴
2020,9,1,86,나가,먼데이 키즈
2020,9,1,87,환상동화 (Secret Story of the Swan),IZ*ONE (아이즈원)
2020,9,1,88,HIP,마마무 (Mamamoo)
2020,9,1,89,어느 60대 노부부이야기,임영웅
2020,9,1,90,시든 꽃에 물을 주듯,HYNN (박혜원)
2020,9,1,91,사랑이란 멜로는 없어,전상근
2020,9,1,92,깡 Official Remix,식케이 (Sik-K)
2020,9,1,93,Candy,백현 (BAEKHYUN)
2020,9,1,94,시차,방탄소년단
2020,9,1,95,내 눈물 모아,휘인 (Whee In)
2020,9,1,96,찐이야,영탁
2020,9,1,97,We are Bulletproof : the Eternal,방탄소년단
2020,9,1,98,그대 고운 내사랑,어반자카파
2020,9,1,99,Left & Right,세븐틴 (SEVENTEEN)
2020,9,1,100,조금 취했어 (Prod. 2soo),임재현
2020,9,2,1,Dynamite,방탄소년단
2020,9,2,2,취기를 빌려 (취향저격 그녀 X 산들),산들
2020,9,2,3,눈누난나 (NUNU NANA),제시 (Jessi)
2020,9,2,4,다시 여기 바닷가,"싹쓰리 (유두래곤, 린다G, 비룡)"
2020,9,2,5,마리아 (Maria),화사 (HWASA)
2020,9,2,6,When We Disco (Duet with 선미),박진영
2020,9,2,7,How You Like That,BLACKPINK
2020,9,2,8,에잇(Prod.&Feat. SUGA of BTS),아이유
2020,9,2,9,오래된 노래,스탠딩 에그
2020,9,2,10,Dolphin,오마이걸 (OH MY GIRL)
2020,9,2,11,Downtown Baby,블루 (BLOO)
2020,9,2,12,내 마음이 움찔했던 순간 (취향저격 그녀 X 규현),규현 (KYUHYUN)
2020,9,2,13,아로하,조정석
2020,9,2,14,Summer Hate (Feat. 비),지코 (ZICO)
2020,9,2,15,홀로,이하이
2020,9,2,16,덤디덤디 (DUMDi DUMDi),i-dle (아이들)
2020,9,2,17,그 여름을 틀어줘,"싹쓰리 (유두래곤, 린다G, 비룡)"
2020,9,2,18,Not Shy,ITZY (있지)
2020,9,2,19,어떻게 지내 (Prod. By VAN.C),오반(OVAN)
2020,9,2,20,살짝 설렜어 (Nonstop),오마이걸 (OH MY GIRL)
2020,9,2,21,Ice Cream (with Selena Gomez),BLACKPINK
2020,9,2,22,Dance Monkey,Tones And I
2020,9,2,23,Memories,Maroon 5
2020,9,2,24,보라빛 밤 (pporappippam),선미
2020,9,2,25,사랑하게 될 줄 알았어,전미도
2020,9,2,26,작은 것들을 위한 시 (Boy With Luv) (Feat. Halsey),방탄소년단
2020,9,2,27,METEOR,창모 (CHANGMO)
2020,9,2,28,흔들리는 꽃들 속에서 네 샴푸향이 느껴진거야,장범준
2020,9,2,29,사랑은 지날수록 더욱 선명하게 남아,전상근
2020,9,2,30,Blueming,아이유
2020,9,2,31,거짓말이라도 해서 널 보고싶어,백지영
2020,9,2,32,Don't Start Now,Dua Lipa
2020,9,2,33,"어떻게 이별까지 사랑하겠어, 널 사랑하는 거지",AKMU (악뮤)
2020,9,2,34,여름 안에서 by 싹쓰리 (Feat. 황광희),"싹쓰리 (유두래곤, 린다G, 비룡)"
2020,9,2,35,늦은 밤 너의 집 앞 골목길에서,노을
2020,9,2,36,신난다 (Feat. 마마무),비룡
2020,9,2,37,2002,Anne-Marie
2020,9,2,38,처음처럼,엠씨더맥스 (M.C the MAX)
2020,9,2,39,ON,방탄소년단
2020,9,2,40,아무노래,지코 (ZICO)
2020,9,2,41,오늘도 빛나는 너에게 (To You My Light) (Feat.이라온),마크툽 (MAKTUB)
2020,9,2,42,"모든 날, 모든 순간 (Every day, Every Moment)",폴킴
2020,9,2,43,LINDA (Feat. 윤미래),린다G
2020,9,2,44,봄날,방탄소년단
2020,9,2,45,Into the I-LAND,아이유
2020,9,2,46,시작,가호 (Gaho)
2020,9,2,47,마음을 드려요,아이유
2020,9,2,48,우리 왜 헤어져야 해,신예영
2020,9,2,49,좋은 사람 있으면 소개시켜줘,조이 (JOY)
2020,9,2,50,안녕,폴킴
2020,9,2,51,Maniac,Conan Gray
2020,9,2,52,나비와 고양이 (feat.백현 (BAEKHYUN)),볼빨간사춘기
2020,9,2,53,이제 나만 믿어요,임영웅
2020,9,2,54,12:45 (Stripped),Etham
2020,9,2,55,Psycho,Red Velvet (레드벨벳)
2020,9,2,56,Paris in the Rain,Lauv
2020,9,2,57,MORE & MORE,TWICE (트와이스)
2020,9,2,58,PLAY (Feat. 창모),청하
2020,9,2,59,취했나봐,황인욱
2020,9,2,60,그때 그 아인,김필
2020,9,2,61,화려하지 않은 고백,규현 (KYUHYUN)
2020,9,2,62,첫 줄,신용재 (2F)
2020,9,2,63,Love poem,아이유
2020,9,2,64,00:00 (Zero O’Clock),방탄소년단
2020,9,2,65,축하해 (Prod. By VAN.C),오반(OVAN)
2020,9,2,66,어떻게 지내 (답가),런치
2020,9,2,67,bad guy,Billie Eilish
2020,9,2,68,밤새 (취향저격 그녀 X 카더가든),카더가든
2020,9,2,69,Black Swan,방탄소년단
2020,9,2,70,Stuck with U,Ariana Grande
2020,9,2,71,Painkiller,Ruel
2020,9,2,72,반만,진민호
2020,9,2,73,덤더럼 (Dumhdurum),Apink (에이핑크)
2020,9,2,74,친구,방탄소년단
2020,9,2,75,너를 사랑하고 있어,백현 (BAEKHYUN)
2020,9,2,76,Monster,레드벨벳-아이린&슬기
2020,9,2,77,비,폴킴
2020,9,2,78,To Die For,Sam Smith
2020,9,2,79,"너에게 난, 나에게 넌",미도와 파라솔
2020,9,2,80,돌덩이,하현우 (국카스텐)
2020,9,2,81,너를 만나,폴킴
2020,9,2,82,숲의 아이 (Bon voyage),유아 (오마이걸)
2020,9,2,83,Moon,방탄소년단
2020,9,2,84,FIESTA,IZ*ONE (아이즈원)
2020,9,2,85,Filter,방탄소년단
2020,9,2,86,시든 꽃에 물을 주듯,HYNN (박혜원)
2020,9,2,87,어느 60대 노부부이야기,임영웅
2020,9,2,88,WANNABE,ITZY (있지)
2020,9,2,89,사랑이란 멜로는 없어,전상근
2020,9,2,90,HIP,마마무 (Mamamoo)
2020,9,2,91,아틀란티스 소녀 (Atlantis Princess),볼빨간사춘기
2020,9,2,92,별을 담은 시 (Ode To The Stars),마크툽 (MAKTUB)
2020,9,2,93,시차,방탄소년단
2020,9,2,94,Candy,백현 (BAEKHYUN)
2020,9,2,95,내 눈물 모아,휘인 (Whee In)
2020,9,2,96,We are Bulletproof : the Eternal,방탄소년단
2020,9,2,97,환상동화 (Secret Story of the Swan),IZ*ONE (아이즈원)
2020,9,2,98,그대 고운 내사랑,어반자카파
2020,9,2,99,나가,먼데이 키즈
2020,9,2,100,깡 Official Remix,식케이 (Sik-K)
2020,9,3,1,Dynamite,방탄소년단
2020,9,3,2,취기를 빌려 (취향저격 그녀 X 산들),산들
2020,9,3,3,눈누난나 (NUNU NANA),제시 (Jessi)
2020,9,3,4,다시 여기 바닷가,"싹쓰리 (유두래곤, 린다G, 비룡)"
2020,9,3,5,마리아 (Maria),화사 (HWASA)
2020,9,3,6,When We Disco (Duet with 선미),박진영
2020,9,3,7,How You Like That,BLACKPINK
2020,9,3,8,오래된 노래,스탠딩 에그
2020,9,3,9,에잇(Prod.&Feat. SUGA of BTS),아이유
2020,9,3,10,내 마음이 움찔했던 순간 (취향저격 그녀 X 규현),규현 (KYUHYUN)
2020,9,3,11,Dolphin,오마이걸 (OH MY GIRL)
2020,9,3,12,Downtown Baby,블루 (BLOO)
2020,9,3,13,아로하,조정석
2020,9,3,14,Summer Hate (Feat. 비),지코 (ZICO)
2020,9,3,15,홀로,이하이
2020,9,3,16,덤디덤디 (DUMDi DUMDi),i-dle (아이들)
2020,9,3,17,어떻게 지내 (Prod. By VAN.C),오반(OVAN)
2020,9,3,18,Not Shy,ITZY (있지)
2020,9,3,19,Dance Monkey,Tones And I
2020,9,3,20,살짝 설렜어 (Nonstop),오마이걸 (OH MY GIRL)
2020,9,3,21,Memories,Maroon 5
2020,9,3,22,그 여름을 틀어줘,"싹쓰리 (유두래곤, 린다G, 비룡)"
2020,9,3,23,Ice Cream (with Selena Gomez),BLACKPINK
2020,9,3,24,METEOR,창모 (CHANGMO)
2020,9,3,25,흔들리는 꽃들 속에서 네 샴푸향이 느껴진거야,장범준
2020,9,3,26,작은 것들을 위한 시 (Boy With Luv) (Feat. Halsey),방탄소년단
2020,9,3,27,Blueming,아이유
2020,9,3,28,사랑하게 될 줄 알았어,전미도
2020,9,3,29,사랑은 지날수록 더욱 선명하게 남아,전상근
2020,9,3,30,보라빛 밤 (pporappippam),선미
2020,9,3,31,"어떻게 이별까지 사랑하겠어, 널 사랑하는 거지",AKMU (악뮤)
2020,9,3,32,거짓말이라도 해서 널 보고싶어,백지영
2020,9,3,33,늦은 밤 너의 집 앞 골목길에서,노을
2020,9,3,34,Don't Start Now,Dua Lipa
2020,9,3,35,2002,Anne-Marie
2020,9,3,36,"모든 날, 모든 순간 (Every day, Every Moment)",폴킴
2020,9,3,37,처음처럼,엠씨더맥스 (M.C the MAX)
2020,9,3,38,오늘도 빛나는 너에게 (To You My Light) (Feat.이라온),마크툽 (MAKTUB)
2020,9,3,39,아무노래,지코 (ZICO)
2020,9,3,40,ON,방탄소년단
2020,9,3,41,여름 안에서 by 싹쓰리 (Feat. 황광희),"싹쓰리 (유두래곤, 린다G, 비룡)"
2020,9,3,42,신난다 (Feat. 마마무),비룡
2020,9,3,43,봄날,방탄소년단
2020,9,3,44,마음을 드려요,아이유
2020,9,3,45,시작,가호 (Gaho)
2020,9,3,46,Into the I-LAND,아이유
2020,9,3,47,우리 왜 헤어져야 해,신예영
2020,9,3,48,좋은 사람 있으면 소개시켜줘,조이 (JOY)
2020,9,3,49,LINDA (Feat. 윤미래),린다G
2020,9,3,50,안녕,폴킴
2020,9,3,51,Maniac,Conan Gray
2020,9,3,52,축하해 (Prod. By VAN.C),오반(OVAN)
2020,9,3,53,이제 나만 믿어요,임영웅
2020,9,3,54,12:45 (Stripped),Etham
2020,9,3,55,Psycho,Red Velvet (레드벨벳)
2020,9,3,56,나비와 고양이 (feat.백현 (BAEKHYUN)),볼빨간사춘기
2020,9,3,57,Paris in the Rain,Lauv
2020,9,3,58,MORE & MORE,TWICE (트와이스)
2020,9,3,59,취했나봐,황인욱
2020,9,3,60,Love poem,아이유
2020,9,3,61,PLAY (Feat. 창모),청하
2020,9,3,62,그때 그 아인,김필
2020,9,3,63,화려하지 않은 고백,규현 (KYUHYUN)
2020,9,3,64,숲의 아이 (Bon voyage),유아 (오마이걸)
2020,9,3,65,밤새 (취향저격 그녀 X 카더가든),카더가든
2020,9,3,66,bad guy,Billie Eilish
2020,9,3,67,첫 줄,신용재 (2F)
2020,9,3,68,Painkiller,Ruel
2020,9,3,69,Stuck with U,Ariana Grande
2020,9,3,70,00:00 (Zero O’Clock),방탄소년단
2020,9,3,71,어떻게 지내 (답가),런치
2020,9,3,72,반만,진민호
2020,9,3,73,Black Swan,방탄소년단
2020,9,3,74,너를 사랑하고 있어,백현 (BAEKHYUN)
2020,9,3,75,덤더럼 (Dumhdurum),Apink (에이핑크)
2020,9,3,76,친구,방탄소년단
2020,9,3,77,너를 만나,폴킴
2020,9,3,78,Monster,레드벨벳-아이린&슬기
2020,9,3,79,To Die For,Sam Smith
2020,9,3,80,별을 담은 시 (Ode To The Stars),마크툽 (MAKTUB)
2020,9,3,81,FIESTA,IZ*ONE (아이즈원)
2020,9,3,82,HIP,마마무 (Mamamoo)
2020,9,3,83,Moon,방탄소년단
2020,9,3,84,돌덩이,하현우 (국카스텐)
2020,9,3,85,비,폴킴
2020,9,3,86,사랑이란 멜로는 없어,전상근
2020,9,3,87,Filter,방탄소년단
2020,9,3,88,"너에게 난, 나에게 넌",미도와 파라솔
2020,9,3,89,어느 60대 노부부이야기,임영웅
2020,9,3,90,시든 꽃에 물을 주듯,HYNN (박혜원)
2020,9,3,91,내일은 고백할게,태연 (TAEYEON)
2020,9,3,92,WANNABE,ITZY (있지)
2020,9,3,93,시차,방탄소년단
2020,9,3,94,Candy,백현 (BAEKHYUN)
2020,9,3,95,아틀란티스 소녀 (Atlantis Princess),볼빨간사춘기
2020,9,3,96,We are Bulletproof : the Eternal,방탄소년단
2020,9,3,97,내 눈물 모아,휘인 (Whee In)
2020,9,3,98,그대 고운 내사랑,어반자카파
2020,9,3,99,Sweet Love (취향저격 그녀 X Crush),Crush
2020,9,3,100,환상동화 (Secret Story of the Swan),IZ*ONE (아이즈원)
2020,9,4,1,Dynamite,방탄소년단
2020,9,4,2,취기를 빌려 (취향저격 그녀 X 산들),산들
2020,9,4,3,눈누난나 (NUNU NANA),제시 (Jessi)
2020,9,4,4,마리아 (Maria),화사 (HWASA)
2020,9,4,5,다시 여기 바닷가,"싹쓰리 (유두래곤, 린다G, 비룡)"
2020,9,4,6,When We Disco (Duet with 선미),박진영
2020,9,4,7,오래된 노래,스탠딩 에그
2020,9,4,8,How You Like That,BLACKPINK
2020,9,4,9,에잇(Prod.&Feat. SUGA of BTS),아이유
2020,9,4,10,내 마음이 움찔했던 순간 (취향저격 그녀 X 규현),규현 (KYUHYUN)
2020,9,4,11,Dolphin,오마이걸 (OH MY GIRL)
2020,9,4,12,아로하,조정석
2020,9,4,13,Downtown Baby,블루 (BLOO)
2020,9,4,14,홀로,이하이
2020,9,4,15,어떻게 지내 (Prod. By VAN.C),오반(OVAN)
2020,9,4,16,Summer Hate (Feat. 비),지코 (ZICO)
2020,9,4,17,Blueming,아이유
2020,9,4,18,덤디덤디 (DUMDi DUMDi),i-dle (아이들)
2020,9,4,19,Dance Monkey,Tones And I
2020,9,4,20,살짝 설렜어 (Nonstop),오마이걸 (OH MY GIRL)
2020,9,4,21,Memories,Maroon 5
2020,9,4,22,Not Shy,ITZY (있지)
2020,9,4,23,흔들리는 꽃들 속에서 네 샴푸향이 느껴진거야,장범준
2020,9,4,24,METEOR,창모 (CHANGMO)
2020,9,4,25,"어떻게 이별까지 사랑하겠어, 널 사랑하는 거지",AKMU (악뮤)
2020,9,4,26,작은 것들을 위한 시 (Boy With Luv) (Feat. Halsey),방탄소년단
2020,9,4,27,사랑은 지날수록 더욱 선명하게 남아,전상근
2020,9,4,28,Ice Cream (with Selena Gomez),BLACKPINK
2020,9,4,29,사랑하게 될 줄 알았어,전미도
2020,9,4,30,늦은 밤 너의 집 앞 골목길에서,노을
2020,9,4,31,그 여름을 틀어줘,"싹쓰리 (유두래곤, 린다G, 비룡)"
2020,9,4,32,거짓말이라도 해서 널 보고싶어,백지영
2020,9,4,33,보라빛 밤 (pporappippam),선미
2020,9,4,34,"모든 날, 모든 순간 (Every day, Every Moment)",폴킴
2020,9,4,35,Don't Start Now,Dua Lipa
2020,9,4,36,2002,Anne-Marie
2020,9,4,37,오늘도 빛나는 너에게 (To You My Light) (Feat.이라온),마크툽 (MAKTUB)
2020,9,4,38,처음처럼,엠씨더맥스 (M.C the MAX)
2020,9,4,39,아무노래,지코 (ZICO)
2020,9,4,40,마음을 드려요,아이유
2020,9,4,41,봄날,방탄소년단
2020,9,4,42,ON,방탄소년단
2020,9,4,43,우리 왜 헤어져야 해,신예영
2020,9,4,44,시작,가호 (Gaho)
2020,9,4,45,Into the I-LAND,아이유
2020,9,4,46,신난다 (Feat. 마마무),비룡
2020,9,4,47,안녕,폴킴
2020,9,4,48,여름 안에서 by 싹쓰리 (Feat. 황광희),"싹쓰리 (유두래곤, 린다G, 비룡)"
2020,9,4,49,Maniac,Conan Gray
2020,9,4,50,좋은 사람 있으면 소개시켜줘,조이 (JOY)
2020,9,4,51,12:45 (Stripped),Etham
2020,9,4,52,축하해 (Prod. By VAN.C),오반(OVAN)
2020,9,4,53,Psycho,Red Velvet (레드벨벳)
2020,9,4,54,Love poem,아이유
2020,9,4,55,이제 나만 믿어요,임영웅
2020,9,4,56,나비와 고양이 (feat.백현 (BAEKHYUN)),볼빨간사춘기
2020,9,4,57,LINDA (Feat. 윤미래),린다G
2020,9,4,58,Paris in the Rain,Lauv
2020,9,4,59,취했나봐,황인욱
2020,9,4,60,Tight,10CM
2020,9,4,61,그때 그 아인,김필
2020,9,4,62,MORE & MORE,TWICE (트와이스)
2020,9,4,63,PLAY (Feat. 창모),청하
2020,9,4,64,숲의 아이 (Bon voyage),유아 (오마이걸)
2020,9,4,65,bad guy,Billie Eilish
2020,9,4,66,화려하지 않은 고백,규현 (KYUHYUN)
2020,9,4,67,밤새 (취향저격 그녀 X 카더가든),카더가든
2020,9,4,68,Painkiller,Ruel
2020,9,4,69,Stuck with U,Ariana Grande
2020,9,4,70,너를 사랑하고 있어,백현 (BAEKHYUN)
2020,9,4,71,첫 줄,신용재 (2F)
2020,9,4,72,너를 만나,폴킴
2020,9,4,73,어떻게 지내 (답가),런치
2020,9,4,74,00:00 (Zero O’Clock),방탄소년단
2020,9,4,75,반만,진민호
2020,9,4,76,Black Swan,방탄소년단
2020,9,4,77,별을 담은 시 (Ode To The Stars),마크툽 (MAKTUB)
2020,9,4,78,덤더럼 (Dumhdurum),Apink (에이핑크)
2020,9,4,79,친구,방탄소년단
2020,9,4,80,To Die For,Sam Smith
2020,9,4,81,HIP,마마무 (Mamamoo)
2020,9,4,82,사랑이란 멜로는 없어,전상근
2020,9,4,83,FIESTA,IZ*ONE (아이즈원)
2020,9,4,84,시든 꽃에 물을 주듯,HYNN (박혜원)
2020,9,4,85,Moon,방탄소년단
2020,9,4,86,돌덩이,하현우 (국카스텐)
2020,9,4,87,어느 60대 노부부이야기,임영웅
2020,9,4,88,Monster,레드벨벳-아이린&슬기
2020,9,4,89,비,폴킴
2020,9,4,90,Filter,방탄소년단
2020,9,4,91,"너에게 난, 나에게 넌",미도와 파라솔
2020,9,4,92,WANNABE,ITZY (있지)
2020,9,4,93,나의 시간은,백현 (BAEKHYUN)
2020,9,4,94,Candy,백현 (BAEKHYUN)
2020,9,4,95,Bad Boy,청하
2020,9,4,96,내 눈물 모아,휘인 (Whee In)
2020,9,4,97,시차,방탄소년단
2020,9,4,98,그대 고운 내사랑,어반자카파
2020,9,4,99,가을 타나 봐,바이브
2020,9,4,100,We are Bulletproof : the Eternal,방탄소년단
2020,10,1,1,Dynamite,방탄소년단
2020,10,1,2,취기를 빌려 (취향저격 그녀 X 산들),산들
2020,10,1,3,눈누난나 (NUNU NANA),제시 (Jessi)
2020,10,1,4,When We Disco (Duet with 선미),박진영
2020,10,1,5,마리아 (Maria),화사 (HWASA)
2020,10,1,6,오래된 노래,스탠딩 에그
2020,10,1,7,다시 여기 바닷가,"싹쓰리 (유두래곤, 린다G, 비룡)"
2020,10,1,8,내 마음이 움찔했던 순간 (취향저격 그녀 X 규현),규현 (KYUHYUN)
2020,10,1,9,How You Like That,BLACKPINK
2020,10,1,10,에잇(Prod.&Feat. SUGA of BTS),아이유
2020,10,1,11,Dolphin,오마이걸 (OH MY GIRL)
2020,10,1,12,아로하,조정석
2020,10,1,13,Downtown Baby,블루 (BLOO)
2020,10,1,14,어떻게 지내 (Prod. By VAN.C),오반(OVAN)
2020,10,1,15,홀로,이하이
2020,10,1,16,Blueming,아이유
2020,10,1,17,살짝 설렜어 (Nonstop),오마이걸 (OH MY GIRL)
2020,10,1,18,Dance Monkey,Tones And I
2020,10,1,19,Summer Hate (Feat. 비),지코 (ZICO)
2020,10,1,20,덤디덤디 (DUMDi DUMDi),i-dle (아이들)
2020,10,1,21,Memories,Maroon 5
2020,10,1,22,METEOR,창모 (CHANGMO)
2020,10,1,23,흔들리는 꽃들 속에서 네 샴푸향이 느껴진거야,장범준
2020,10,1,24,작은 것들을 위한 시 (Boy With Luv) (Feat. Halsey),방탄소년단
2020,10,1,25,Not Shy,ITZY (있지)
2020,10,1,26,사랑은 지날수록 더욱 선명하게 남아,전상근
2020,10,1,27,"어떻게 이별까지 사랑하겠어, 널 사랑하는 거지",AKMU (악뮤)
2020,10,1,28,Ice Cream (with Selena Gomez),BLACKPINK
2020,10,1,29,늦은 밤 너의 집 앞 골목길에서,노을
2020,10,1,30,거짓말이라도 해서 널 보고싶어,백지영
2020,10,1,31,사랑하게 될 줄 알았어,전미도
2020,10,1,32,Lovesick Girls,BLACKPINK
2020,10,1,33,"모든 날, 모든 순간 (Every day, Every Moment)",폴킴
2020,10,1,34,2002,Anne-Marie
2020,10,1,35,보라빛 밤 (pporappippam),선미
2020,10,1,36,Don't Start Now,Dua Lipa
2020,10,1,37,오늘도 빛나는 너에게 (To You My Light) (Feat.이라온),마크툽 (MAKTUB)
2020,10,1,38,그 여름을 틀어줘,"싹쓰리 (유두래곤, 린다G, 비룡)"
2020,10,1,39,처음처럼,엠씨더맥스 (M.C the MAX)
2020,10,1,40,봄날,방탄소년단
2020,10,1,41,아무노래,지코 (ZICO)
2020,10,1,42,우리 왜 헤어져야 해,신예영
2020,10,1,43,ON,방탄소년단
2020,10,1,44,마음을 드려요,아이유
2020,10,1,45,시작,가호 (Gaho)
2020,10,1,46,Into the I-LAND,아이유
2020,10,1,47,안녕,폴킴
2020,10,1,48,이제 나만 믿어요,임영웅
2020,10,1,49,Maniac,Conan Gray
2020,10,1,50,좋은 사람 있으면 소개시켜줘,조이 (JOY)
2020,10,1,51,12:45 (Stripped),Etham
2020,10,1,52,신난다 (Feat. 마마무),비룡
2020,10,1,53,축하해 (Prod. By VAN.C),오반(OVAN)
2020,10,1,54,Love poem,아이유
2020,10,1,55,Bad Boy,청하
2020,10,1,56,Psycho,Red Velvet (레드벨벳)
2020,10,1,57,여름 안에서 by 싹쓰리 (Feat. 황광희),"싹쓰리 (유두래곤, 린다G, 비룡)"
2020,10,1,58,Paris in the Rain,Lauv
2020,10,1,59,너의 밤은 어때 (취향저격 그녀 X 정은지),정은지
2020,10,1,60,취했나봐,황인욱
2020,10,1,61,나비와 고양이 (feat.백현 (BAEKHYUN)),볼빨간사춘기
2020,10,1,62,가을 타나 봐,바이브
2020,10,1,63,그때 그 아인,김필
2020,10,1,64,숲의 아이 (Bon voyage),유아 (오마이걸)
2020,10,1,65,서면역에서,순순희
2020,10,1,66,bad guy,Billie Eilish
2020,10,1,67,LINDA (Feat. 윤미래),린다G
2020,10,1,68,밤새 (취향저격 그녀 X 카더가든),카더가든
2020,10,1,69,Painkiller,Ruel
2020,10,1,70,MORE & MORE,TWICE (트와이스)
2020,10,1,71,PLAY (Feat. 창모),청하
2020,10,1,72,Stuck with U,Ariana Grande
2020,10,1,73,화려하지 않은 고백,규현 (KYUHYUN)
2020,10,1,74,밤하늘의 저 별처럼,헤이즈 (Heize)
2020,10,1,75,너를 만나,폴킴
2020,10,1,76,별을 담은 시 (Ode To The Stars),마크툽 (MAKTUB)
2020,10,1,77,반만,진민호
2020,10,1,78,어떻게 지내 (답가),런치
2020,10,1,79,00:00 (Zero O’Clock),방탄소년단
2020,10,1,80,너를 사랑하고 있어,백현 (BAEKHYUN)
2020,10,1,81,첫 줄,신용재 (2F)
2020,10,1,82,Black Swan,방탄소년단
2020,10,1,83,친구,방탄소년단
2020,10,1,84,사랑이란 멜로는 없어,전상근
2020,10,1,85,어느 60대 노부부이야기,임영웅
2020,10,1,86,Tight,10CM
2020,10,1,87,To Die For,Sam Smith
2020,10,1,88,시든 꽃에 물을 주듯,HYNN (박혜원)
2020,10,1,89,덤더럼 (Dumhdurum),Apink (에이핑크)
2020,10,1,90,HIP,마마무 (Mamamoo)
2020,10,1,91,FIESTA,IZ*ONE (아이즈원)
2020,10,1,92,Moon,방탄소년단
2020,10,1,93,돌덩이,하현우 (국카스텐)
2020,10,1,94,Filter,방탄소년단
2020,10,1,95,비,폴킴
2020,10,1,96,"너에게 난, 나에게 넌",미도와 파라솔
2020,10,1,97,WANNABE,ITZY (있지)
2020,10,1,98,나의 시간은,백현 (BAEKHYUN)
2020,10,1,99,Monster,레드벨벳-아이린&슬기
2020,10,1,100,Candy,백현 (BAEKHYUN)
2020,10,2,1,Dynamite,방탄소년단
2020,10,2,2,취기를 빌려 (취향저격 그녀 X 산들),산들
2020,10,2,3,Lovesick Girls,BLACKPINK
2020,10,2,4,When We Disco (Duet with 선미),박진영
2020,10,2,5,눈누난나 (NUNU NANA),제시 (Jessi)
2020,10,2,6,오래된 노래,스탠딩 에그
2020,10,2,7,마리아 (Maria),화사 (HWASA)
2020,10,2,8,내 마음이 움찔했던 순간 (취향저격 그녀 X 규현),규현 (KYUHYUN)
2020,10,2,9,How You Like That,BLACKPINK
2020,10,2,10,에잇(Prod.&Feat. SUGA of BTS),아이유
2020,10,2,11,다시 여기 바닷가,"싹쓰리 (유두래곤, 린다G, 비룡)"
2020,10,2,12,Dolphin,오마이걸 (OH MY GIRL)
2020,10,2,13,아로하,조정석
2020,10,2,14,Downtown Baby,블루 (BLOO)
2020,10,2,15,어떻게 지내 (Prod. By VAN.C),오반(OVAN)
2020,10,2,16,홀로,이하이
2020,10,2,17,Blueming,아이유
2020,10,2,18,Dance Monkey,Tones And I
2020,10,2,19,살짝 설렜어 (Nonstop),오마이걸 (OH MY GIRL)
2020,10,2,20,Memories,Maroon 5
2020,10,2,21,작은 것들을 위한 시 (Boy With Luv) (Feat. Halsey),방탄소년단
2020,10,2,22,DON'T TOUCH ME,환불원정대
2020,10,2,23,METEOR,창모 (CHANGMO)
2020,10,2,24,흔들리는 꽃들 속에서 네 샴푸향이 느껴진거야,장범준
2020,10,2,25,늦은 밤 너의 집 앞 골목길에서,노을
2020,10,2,26,"어떻게 이별까지 사랑하겠어, 널 사랑하는 거지",AKMU (악뮤)
2020,10,2,27,덤디덤디 (DUMDi DUMDi),i-dle (아이들)
2020,10,2,28,사랑은 지날수록 더욱 선명하게 남아,전상근
2020,10,2,29,Summer Hate (Feat. 비),지코 (ZICO)
2020,10,2,30,거짓말이라도 해서 널 보고싶어,백지영
2020,10,2,31,Ice Cream (with Selena Gomez),BLACKPINK
2020,10,2,32,Not Shy,ITZY (있지)
2020,10,2,33,"모든 날, 모든 순간 (Every day, Every Moment)",폴킴
2020,10,2,34,사랑하게 될 줄 알았어,전미도
2020,10,2,35,2002,Anne-Marie
2020,10,2,36,오늘도 빛나는 너에게 (To You My Light) (Feat.이라온),마크툽 (MAKTUB)
2020,10,2,37,Don't Start Now,Dua Lipa
2020,10,2,38,봄날,방탄소년단
2020,10,2,39,Savage Love (Laxed - Siren Beat) (BTS Remix),Jawsh 685
2020,10,2,40,보라빛 밤 (pporappippam),선미
2020,10,2,41,처음처럼,엠씨더맥스 (M.C the MAX)
2020,10,2,42,우리 왜 헤어져야 해,신예영
2020,10,2,43,ON,방탄소년단
2020,10,2,44,마음을 드려요,아이유
2020,10,2,45,아무노래,지코 (ZICO)
2020,10,2,46,그 여름을 틀어줘,"싹쓰리 (유두래곤, 린다G, 비룡)"
2020,10,2,47,안녕,폴킴
2020,10,2,48,Bad Boy,청하
2020,10,2,49,시작,가호 (Gaho)
2020,10,2,50,이제 나만 믿어요,임영웅
2020,10,2,51,Maniac,Conan Gray
2020,10,2,52,가을 타나 봐,바이브
2020,10,2,53,Love poem,아이유
2020,10,2,54,12:45 (Stripped),Etham
2020,10,2,55,Into the I-LAND,아이유
2020,10,2,56,서면역에서,순순희
2020,10,2,57,좋은 사람 있으면 소개시켜줘,조이 (JOY)
2020,10,2,58,축하해 (Prod. By VAN.C),오반(OVAN)
2020,10,2,59,Psycho,Red Velvet (레드벨벳)
2020,10,2,60,Bet You Wanna (Feat. Cardi B),BLACKPINK
2020,10,2,61,Paris in the Rain,Lauv
2020,10,2,62,신난다 (Feat. 마마무),비룡
2020,10,2,63,취했나봐,황인욱
2020,10,2,64,나비와 고양이 (feat.백현 (BAEKHYUN)),볼빨간사춘기
2020,10,2,65,밤새 (취향저격 그녀 X 카더가든),카더가든
2020,10,2,66,그때 그 아인,김필
2020,10,2,67,여름 안에서 by 싹쓰리 (Feat. 황광희),"싹쓰리 (유두래곤, 린다G, 비룡)"
2020,10,2,68,별을 담은 시 (Ode To The Stars),마크툽 (MAKTUB)
2020,10,2,69,bad guy,Billie Eilish
2020,10,2,70,숲의 아이 (Bon voyage),유아 (오마이걸)
2020,10,2,71,너의 밤은 어때 (취향저격 그녀 X 정은지),정은지
2020,10,2,72,00:00 (Zero O’Clock),방탄소년단
2020,10,2,73,너를 만나,폴킴
2020,10,2,74,너를 사랑하고 있어,백현 (BAEKHYUN)
2020,10,2,75,Painkiller,Ruel
2020,10,2,76,LINDA (Feat. 윤미래),린다G
2020,10,2,77,화려하지 않은 고백,규현 (KYUHYUN)
2020,10,2,78,Stuck with U,Ariana Grande
2020,10,2,79,Black Swan,방탄소년단
2020,10,2,80,MORE & MORE,TWICE (트와이스)
2020,10,2,81,친구,방탄소년단
2020,10,2,82,밤하늘의 저 별처럼,헤이즈 (Heize)
2020,10,2,83,반만,진민호
2020,10,2,84,PLAY (Feat. 창모),청하
2020,10,2,85,어떻게 지내 (답가),런치
2020,10,2,86,첫 줄,신용재 (2F)
2020,10,2,87,시든 꽃에 물을 주듯,HYNN (박혜원)
2020,10,2,88,Pretty Savage,BLACKPINK
2020,10,2,89,사랑이란 멜로는 없어,전상근
2020,10,2,90,Moon,방탄소년단
2020,10,2,91,Filter,방탄소년단
2020,10,2,92,어느 60대 노부부이야기,임영웅
2020,10,2,93,To Die For,Sam Smith
2020,10,2,94,HIP,마마무 (Mamamoo)
2020,10,2,95,덤더럼 (Dumhdurum),Apink (에이핑크)
2020,10,2,96,FIESTA,IZ*ONE (아이즈원)
2020,10,2,97,Love To Hate Me,BLACKPINK
2020,10,2,98,돌덩이,하현우 (국카스텐)
2020,10,2,99,Tight,10CM
2020,10,2,100,연기 (With 헤이즈),기리보이
2020,10,3,1,DON'T TOUCH ME,환불원정대
2020,10,3,2,Dynamite,방탄소년단
2020,10,3,3,Lovesick Girls,BLACKPINK
2020,10,3,4,취기를 빌려 (취향저격 그녀 X 산들),산들
2020,10,3,5,When We Disco (Duet with 선미),박진영
2020,10,3,6,오래된 노래,스탠딩 에그
2020,10,3,7,눈누난나 (NUNU NANA),제시 (Jessi)
2020,10,3,8,내 마음이 움찔했던 순간 (취향저격 그녀 X 규현),규현 (KYUHYUN)
2020,10,3,9,마리아 (Maria),화사 (HWASA)
2020,10,3,10,Savage Love (Laxed - Siren Beat) (BTS Remix),Jawsh 685
2020,10,3,11,How You Like That,BLACKPINK
2020,10,3,12,에잇(Prod.&Feat. SUGA of BTS),아이유
2020,10,3,13,Dolphin,오마이걸 (OH MY GIRL)
2020,10,3,14,다시 여기 바닷가,"싹쓰리 (유두래곤, 린다G, 비룡)"
2020,10,3,15,아로하,조정석
2020,10,3,16,Downtown Baby,블루 (BLOO)
2020,10,3,17,홀로,이하이
2020,10,3,18,어떻게 지내 (Prod. By VAN.C),오반(OVAN)
2020,10,3,19,Blueming,아이유
2020,10,3,20,Dance Monkey,Tones And I
2020,10,3,21,늦은 밤 너의 집 앞 골목길에서,노을
2020,10,3,22,작은 것들을 위한 시 (Boy With Luv) (Feat. Halsey),방탄소년단
2020,10,3,23,Memories,Maroon 5
2020,10,3,24,"어떻게 이별까지 사랑하겠어, 널 사랑하는 거지",AKMU (악뮤)
2020,10,3,25,살짝 설렜어 (Nonstop),오마이걸 (OH MY GIRL)
2020,10,3,26,METEOR,창모 (CHANGMO)
2020,10,3,27,사랑은 지날수록 더욱 선명하게 남아,전상근
2020,10,3,28,흔들리는 꽃들 속에서 네 샴푸향이 느껴진거야,장범준
2020,10,3,29,거짓말이라도 해서 널 보고싶어,백지영
2020,10,3,30,"모든 날, 모든 순간 (Every day, Every Moment)",폴킴
2020,10,3,31,덤디덤디 (DUMDi DUMDi),i-dle (아이들)
2020,10,3,32,사랑하게 될 줄 알았어,전미도
2020,10,3,33,Ice Cream (with Selena Gomez),BLACKPINK
2020,10,3,34,Summer Hate (Feat. 비),지코 (ZICO)
2020,10,3,35,Not Shy,ITZY (있지)
2020,10,3,36,오늘도 빛나는 너에게 (To You My Light) (Feat.이라온),마크툽 (MAKTUB)
2020,10,3,37,2002,Anne-Marie
2020,10,3,38,Don't Start Now,Dua Lipa
2020,10,3,39,우리 왜 헤어져야 해,신예영
2020,10,3,40,봄날,방탄소년단
2020,10,3,41,처음처럼,엠씨더맥스 (M.C the MAX)
2020,10,3,42,마음을 드려요,아이유
2020,10,3,43,Bad Boy,청하
2020,10,3,44,서면역에서,순순희
2020,10,3,45,ON,방탄소년단
2020,10,3,46,보라빛 밤 (pporappippam),선미
2020,10,3,47,안녕,폴킴
2020,10,3,48,아무노래,지코 (ZICO)
2020,10,3,49,가을 타나 봐,바이브
2020,10,3,50,시작,가호 (Gaho)
2020,10,3,51,12:45 (Stripped),Etham
2020,10,3,52,이제 나만 믿어요,임영웅
2020,10,3,53,Love poem,아이유
2020,10,3,54,Maniac,Conan Gray
2020,10,3,55,축하해 (Prod. By VAN.C),오반(OVAN)
2020,10,3,56,그 여름을 틀어줘,"싹쓰리 (유두래곤, 린다G, 비룡)"
2020,10,3,57,잠이 들어야 (Feat. 헤이즈),로꼬
2020,10,3,58,좋은 사람 있으면 소개시켜줘,조이 (JOY)
2020,10,3,59,Bet You Wanna (Feat. Cardi B),BLACKPINK
2020,10,3,60,Into the I-LAND,아이유
2020,10,3,61,Psycho,Red Velvet (레드벨벳)
2020,10,3,62,밤새 (취향저격 그녀 X 카더가든),카더가든
2020,10,3,63,Paris in the Rain,Lauv
2020,10,3,64,취했나봐,황인욱
2020,10,3,65,Pretty Savage,BLACKPINK
2020,10,3,66,그때 그 아인,김필
2020,10,3,67,별을 담은 시 (Ode To The Stars),마크툽 (MAKTUB)
2020,10,3,68,너를 만나,폴킴
2020,10,3,69,신난다 (Feat. 마마무),비룡
2020,10,3,70,나비와 고양이 (feat.백현 (BAEKHYUN)),볼빨간사춘기
2020,10,3,71,bad guy,Billie Eilish
2020,10,3,72,Painkiller,Ruel
2020,10,3,73,00:00 (Zero O’Clock),방탄소년단
2020,10,3,74,너를 사랑하고 있어,백현 (BAEKHYUN)
2020,10,3,75,화려하지 않은 고백,규현 (KYUHYUN)
2020,10,3,76,밤하늘의 저 별처럼,헤이즈 (Heize)
2020,10,3,77,Stuck with U,Ariana Grande
2020,10,3,78,너의 밤은 어때 (취향저격 그녀 X 정은지),정은지
2020,10,3,79,시든 꽃에 물을 주듯,HYNN (박혜원)
2020,10,3,80,반만,진민호
2020,10,3,81,Black Swan,방탄소년단
2020,10,3,82,숲의 아이 (Bon voyage),유아 (오마이걸)
2020,10,3,83,여름 안에서 by 싹쓰리 (Feat. 황광희),"싹쓰리 (유두래곤, 린다G, 비룡)"
2020,10,3,84,친구,방탄소년단
2020,10,3,85,사랑이란 멜로는 없어,전상근
2020,10,3,86,MORE & MORE,TWICE (트와이스)
2020,10,3,87,첫 줄,신용재 (2F)
2020,10,3,88,LINDA (Feat. 윤미래),린다G
2020,10,3,89,Filter,방탄소년단
2020,10,3,90,PLAY (Feat. 창모),청하
2020,10,3,91,하루도 그대를 사랑하지 않은 적이 없었다,임창정
2020,10,3,92,Moon,방탄소년단
2020,10,3,93,어떻게 지내 (답가),런치
2020,10,3,94,To Die For,Sam Smith
2020,10,3,95,HIP,마마무 (Mamamoo)
2020,10,3,96,어느 60대 노부부이야기,임영웅
2020,10,3,97,내 마음을 누르는 일 (Daystar),규현 (KYUHYUN)
2020,10,3,98,Make A Wish (Birthday Song),NCT U
2020,10,3,99,덤더럼 (Dumhdurum),Apink (에이핑크)
2020,10,3,100,소개팅 날,이우
2020,10,4,1,DON'T TOUCH ME,환불원정대
2020,10,4,2,Dynamite,방탄소년단
2020,10,4,3,Lovesick Girls,BLACKPINK
2020,10,4,4,취기를 빌려 (취향저격 그녀 X 산들),산들
2020,10,4,5,힘든 건 사랑이 아니다,임창정
2020,10,4,6,When We Disco (Duet with 선미),박진영
2020,10,4,7,오래된 노래,스탠딩 에그
2020,10,4,8,Savage Love (Laxed - Siren Beat) (BTS Remix),Jawsh 685
2020,10,4,9,놓아줘 (with 태연),Crush
2020,10,4,10,눈누난나 (NUNU NANA),제시 (Jessi)
2020,10,4,11,내 마음이 움찔했던 순간 (취향저격 그녀 X 규현),규현 (KYUHYUN)
2020,10,4,12,마리아 (Maria),화사 (HWASA)
2020,10,4,13,How You Like That,BLACKPINK
2020,10,4,14,에잇(Prod.&Feat. SUGA of BTS),아이유
2020,10,4,15,Dolphin,오마이걸 (OH MY GIRL)
2020,10,4,16,다시 여기 바닷가,"싹쓰리 (유두래곤, 린다G, 비룡)"
2020,10,4,17,아로하,조정석
2020,10,4,18,홀로,이하이
2020,10,4,19,어떻게 지내 (Prod. By VAN.C),오반(OVAN)
2020,10,4,20,Downtown Baby,블루 (BLOO)
2020,10,4,21,늦은 밤 너의 집 앞 골목길에서,노을
2020,10,4,22,Dance Monkey,Tones And I
2020,10,4,23,Blueming,아이유
2020,10,4,24,흔들리는 꽃들 속에서 네 샴푸향이 느껴진거야,장범준
2020,10,4,25,"어떻게 이별까지 사랑하겠어, 널 사랑하는 거지",AKMU (악뮤)
2020,10,4,26,Memories,Maroon 5
2020,10,4,27,METEOR,창모 (CHANGMO)
2020,10,4,28,작은 것들을 위한 시 (Boy With Luv) (Feat. Halsey),방탄소년단
2020,10,4,29,사랑은 지날수록 더욱 선명하게 남아,전상근
2020,10,4,30,거짓말이라도 해서 널 보고싶어,백지영
2020,10,4,31,살짝 설렜어 (Nonstop),오마이걸 (OH MY GIRL)
2020,10,4,32,"모든 날, 모든 순간 (Every day, Every Moment)",폴킴
2020,10,4,33,딩가딩가 (Dingga),마마무 (Mamamoo)
2020,10,4,34,오늘도 빛나는 너에게 (To You My Light) (Feat.이라온),마크툽 (MAKTUB)
2020,10,4,35,사랑하게 될 줄 알았어,전미도
2020,10,4,36,덤디덤디 (DUMDi DUMDi),i-dle (아이들)
2020,10,4,37,2002,Anne-Marie
2020,10,4,38,Bad Boy,청하
2020,10,4,39,서면역에서,순순희
2020,10,4,40,Ice Cream (with Selena Gomez),BLACKPINK
2020,10,4,41,우리 왜 헤어져야 해,신예영
2020,10,4,42,Don't Start Now,Dua Lipa
2020,10,4,43,Summer Hate (Feat. 비),지코 (ZICO)
2020,10,4,44,Not Shy,ITZY (있지)
2020,10,4,45,마음을 드려요,아이유
2020,10,4,46,처음처럼,엠씨더맥스 (M.C the MAX)
2020,10,4,47,봄날,방탄소년단
2020,10,4,48,잠이 들어야 (Feat. 헤이즈),로꼬
2020,10,4,49,안녕,폴킴
2020,10,4,50,보라빛 밤 (pporappippam),선미
2020,10,4,51,아무노래,지코 (ZICO)
2020,10,4,52,ON,방탄소년단
2020,10,4,53,Pretty Savage,BLACKPINK
2020,10,4,54,가을 타나 봐,바이브
2020,10,4,55,12:45 (Stripped),Etham
2020,10,4,56,시작,가호 (Gaho)
2020,10,4,57,Maniac,Conan Gray
2020,10,4,58,이제 나만 믿어요,임영웅
2020,10,4,59,Love poem,아이유
2020,10,4,60,좋은 사람 있으면 소개시켜줘,조이 (JOY)
2020,10,4,61,Into the I-LAND,아이유
2020,10,4,62,축하해 (Prod. By VAN.C),오반(OVAN)
2020,10,4,63,밤새 (취향저격 그녀 X 카더가든),카더가든
2020,10,4,64,Psycho,Red Velvet (레드벨벳)
2020,10,4,65,Paris in the Rain,Lauv
2020,10,4,66,너를 만나,폴킴
2020,10,4,67,그 여름을 틀어줘,"싹쓰리 (유두래곤, 린다G, 비룡)"
2020,10,4,68,취했나봐,황인욱
2020,10,4,69,Bet You Wanna (Feat. Cardi B),BLACKPINK
2020,10,4,70,그때 그 아인,김필
2020,10,4,71,별을 담은 시 (Ode To The Stars),마크툽 (MAKTUB)
2020,10,4,72,ALIEN,이수현
2020,10,4,73,Tip Toe (with 이하이),Crush
2020,10,4,74,bad guy,Billie Eilish
2020,10,4,75,나비와 고양이 (feat.백현 (BAEKHYUN)),볼빨간사춘기
2020,10,4,76,시든 꽃에 물을 주듯,HYNN (박혜원)
2020,10,4,77,Painkiller,Ruel
2020,10,4,78,"사랑 못해, 남들 쉽게 다 하는 거",먼데이 키즈
2020,10,4,79,사랑하고 싶지 않아 (바른연애 길잡이 X XIA (준수)),XIA (준수)
2020,10,4,80,화려하지 않은 고백,규현 (KYUHYUN)
2020,10,4,81,신난다 (Feat. 마마무),비룡
2020,10,4,82,Stuck with U,Ariana Grande
2020,10,4,83,하루도 그대를 사랑하지 않은 적이 없었다,임창정
2020,10,4,84,반만,진민호
2020,10,4,85,행복해,송하예
2020,10,4,86,너를 사랑하고 있어,백현 (BAEKHYUN)
2020,10,4,87,밤하늘의 저 별처럼,헤이즈 (Heize)
2020,10,4,88,사랑이란 멜로는 없어,전상근
2020,10,4,89,첫 줄,신용재 (2F)
2020,10,4,90,00:00 (Zero O’Clock),방탄소년단
2020,10,4,91,HIP,마마무 (Mamamoo)
2020,10,4,92,너의 밤은 어때 (취향저격 그녀 X 정은지),정은지
2020,10,4,93,MORE & MORE,TWICE (트와이스)
2020,10,4,94,To Die For,Sam Smith
2020,10,4,95,여름 안에서 by 싹쓰리 (Feat. 황광희),"싹쓰리 (유두래곤, 린다G, 비룡)"
2020,10,4,96,숲의 아이 (Bon voyage),유아 (오마이걸)
2020,10,4,97,PLAY (Feat. 창모),청하
2020,10,4,98,잠이 오질 않네요,장범준
2020,10,4,99,소확행,임창정
2020,10,4,100,어떻게 지내 (답가),런치
2020,10,5,1,Dynamite,방탄소년단
2020,10,5,2,DON'T TOUCH ME,환불원정대
2020,10,5,3,Lovesick Girls,BLACKPINK
2020,10,5,4,힘든 건 사랑이 아니다,임창정
2020,10,5,5,취기를 빌려 (취향저격 그녀 X 산들),산들
2020,10,5,6,오래된 노래,스탠딩 에그
2020,10,5,7,Savage Love (Laxed - Siren Beat) (BTS Remix),Jawsh 685
2020,10,5,8,When We Disco (Duet with 선미),박진영
2020,10,5,9,놓아줘 (with 태연),Crush
2020,10,5,10,내 마음이 움찔했던 순간 (취향저격 그녀 X 규현),규현 (KYUHYUN)
2020,10,5,11,잠이 오질 않네요,장범준
2020,10,5,12,눈누난나 (NUNU NANA),제시 (Jessi)
2020,10,5,13,마리아 (Maria),화사 (HWASA)
2020,10,5,14,How You Like That,BLACKPINK
2020,10,5,15,에잇(Prod.&Feat. SUGA of BTS),아이유
2020,10,5,16,흔들리는 꽃들 속에서 네 샴푸향이 느껴진거야,장범준
2020,10,5,17,딩가딩가 (Dingga),마마무 (Mamamoo)
2020,10,5,18,Dolphin,오마이걸 (OH MY GIRL)
2020,10,5,19,아로하,조정석
2020,10,5,20,어떻게 지내 (Prod. By VAN.C),오반(OVAN)
2020,10,5,21,다시 여기 바닷가,"싹쓰리 (유두래곤, 린다G, 비룡)"
2020,10,5,22,늦은 밤 너의 집 앞 골목길에서,노을
2020,10,5,23,홀로,이하이
2020,10,5,24,I CAN’T STOP ME,TWICE (트와이스)
2020,10,5,25,Downtown Baby,블루 (BLOO)
2020,10,5,26,Dance Monkey,Tones And I
2020,10,5,27,Blueming,아이유
2020,10,5,28,"어떻게 이별까지 사랑하겠어, 널 사랑하는 거지",AKMU (악뮤)
2020,10,5,29,METEOR,창모 (CHANGMO)
2020,10,5,30,Memories,Maroon 5
2020,10,5,31,거짓말이라도 해서 널 보고싶어,백지영
2020,10,5,32,"모든 날, 모든 순간 (Every day, Every Moment)",폴킴
2020,10,5,33,사랑은 지날수록 더욱 선명하게 남아,전상근
2020,10,5,34,작은 것들을 위한 시 (Boy With Luv) (Feat. Halsey),방탄소년단
2020,10,5,35,살짝 설렜어 (Nonstop),오마이걸 (OH MY GIRL)
2020,10,5,36,서면역에서,순순희
2020,10,5,37,Bad Boy,청하
2020,10,5,38,오늘도 빛나는 너에게 (To You My Light) (Feat.이라온),마크툽 (MAKTUB)
2020,10,5,39,너도 아는,폴킴
2020,10,5,40,2002,Anne-Marie
2020,10,5,41,우리 왜 헤어져야 해,신예영
2020,10,5,42,사랑하게 될 줄 알았어,전미도
2020,10,5,43,마음을 드려요,아이유
2020,10,5,44,Don't Start Now,Dua Lipa
2020,10,5,45,덤디덤디 (DUMDi DUMDi),i-dle (아이들)
2020,10,5,46,처음처럼,엠씨더맥스 (M.C the MAX)
2020,10,5,47,Ice Cream (with Selena Gomez),BLACKPINK
2020,10,5,48,"사랑 못해, 남들 쉽게 다 하는 거",먼데이 키즈
2020,10,5,49,나랑 같이 걸을래 (바른연애 길잡이 X 적재),적재
2020,10,5,50,Summer Hate (Feat. 비),지코 (ZICO)
2020,10,5,51,Not Shy,ITZY (있지)
2020,10,5,52,봄날,방탄소년단
2020,10,5,53,안녕,폴킴
2020,10,5,54,Pretty Savage,BLACKPINK
2020,10,5,55,아무노래,지코 (ZICO)
2020,10,5,56,보라빛 밤 (pporappippam),선미
2020,10,5,57,12:45 (Stripped),Etham
2020,10,5,58,시작,가호 (Gaho)
2020,10,5,59,가을 타나 봐,바이브
2020,10,5,60,ON,방탄소년단
2020,10,5,61,Maniac,Conan Gray
2020,10,5,62,이제 나만 믿어요,임영웅
2020,10,5,63,잠이 들어야 (Feat. 헤이즈),로꼬
2020,10,5,64,Love poem,아이유
2020,10,5,65,너를 만나,폴킴
2020,10,5,66,좋은 사람 있으면 소개시켜줘,조이 (JOY)
2020,10,5,67,Paris in the Rain,Lauv
2020,10,5,68,밤새 (취향저격 그녀 X 카더가든),카더가든
2020,10,5,69,Into the I-LAND,아이유
2020,10,5,70,축하해 (Prod. By VAN.C),오반(OVAN)
2020,10,5,71,취했나봐,황인욱
2020,10,5,72,그때 그 아인,김필
2020,10,5,73,Psycho,Red Velvet (레드벨벳)
2020,10,5,74,별을 담은 시 (Ode To The Stars),마크툽 (MAKTUB)
2020,10,5,75,행복해,송하예
2020,10,5,76,시든 꽃에 물을 주듯,HYNN (박혜원)
2020,10,5,77,ALIEN,이수현
2020,10,5,78,bad guy,Billie Eilish
2020,10,5,79,그 여름을 틀어줘,"싹쓰리 (유두래곤, 린다G, 비룡)"
2020,10,5,80,Painkiller,Ruel
2020,10,5,81,나비와 고양이 (feat.백현 (BAEKHYUN)),볼빨간사춘기
2020,10,5,82,하루도 그대를 사랑하지 않은 적이 없었다,임창정
2020,10,5,83,행복하니,케이시 (Kassy)
2020,10,5,84,소확행,임창정
2020,10,5,85,Bet You Wanna (Feat. Cardi B),BLACKPINK
2020,10,5,86,Stuck with U,Ariana Grande
2020,10,5,87,반만,진민호
2020,10,5,88,사랑하고 싶지 않아 (바른연애 길잡이 X XIA (준수)),XIA (준수)
2020,10,5,89,첫 줄,신용재 (2F)
2020,10,5,90,화려하지 않은 고백,규현 (KYUHYUN)
2020,10,5,91,사랑이란 멜로는 없어,전상근
2020,10,5,92,Tip Toe (with 이하이),Crush
2020,10,5,93,밤하늘의 저 별처럼,헤이즈 (Heize)
2020,10,5,94,신난다 (Feat. 마마무),비룡
2020,10,5,95,너를 사랑하고 있어,백현 (BAEKHYUN)
2020,10,5,96,HIP,마마무 (Mamamoo)
2020,10,5,97,MORE & MORE,TWICE (트와이스)
2020,10,5,98,To Die For,Sam Smith
2020,10,5,99,00:00 (Zero O’Clock),방탄소년단
2020,10,5,100,너의 밤은 어때 (취향저격 그녀 X 정은지),정은지
2020,11,1,1,Dynamite,방탄소년단
2020,11,1,2,Lovesick Girls,BLACKPINK
2020,11,1,3,힘든 건 사랑이 아니다,임창정
2020,11,1,4,DON'T TOUCH ME,환불원정대
2020,11,1,5,취기를 빌려 (취향저격 그녀 X 산들),산들
2020,11,1,6,잠이 오질 않네요,장범준
2020,11,1,7,오래된 노래,스탠딩 에그
2020,11,1,8,Savage Love (Laxed - Siren Beat) (BTS Remix),Jawsh 685
2020,11,1,9,내 마음이 움찔했던 순간 (취향저격 그녀 X 규현),규현 (KYUHYUN)
2020,11,1,10,When We Disco (Duet with 선미),박진영
2020,11,1,11,딩가딩가 (Dingga),마마무 (Mamamoo)
2020,11,1,12,눈누난나 (NUNU NANA),제시 (Jessi)
2020,11,1,13,놓아줘 (with 태연),Crush
2020,11,1,14,I CAN’T STOP ME,TWICE (트와이스)
2020,11,1,15,How You Like That,BLACKPINK
2020,11,1,16,마리아 (Maria),화사 (HWASA)
2020,11,1,17,에잇(Prod.&Feat. SUGA of BTS),아이유
2020,11,1,18,흔들리는 꽃들 속에서 네 샴푸향이 느껴진거야,장범준
2020,11,1,19,Dolphin,오마이걸 (OH MY GIRL)
2020,11,1,20,어떻게 지내 (Prod. By VAN.C),오반(OVAN)
2020,11,1,21,아로하,조정석
2020,11,1,22,늦은 밤 너의 집 앞 골목길에서,노을
2020,11,1,23,홀로,이하이
2020,11,1,24,"어떻게 이별까지 사랑하겠어, 널 사랑하는 거지",AKMU (악뮤)
2020,11,1,25,Blueming,아이유
2020,11,1,26,Dance Monkey,Tones And I
2020,11,1,27,Downtown Baby,블루 (BLOO)
2020,11,1,28,다시 여기 바닷가,"싹쓰리 (유두래곤, 린다G, 비룡)"
2020,11,1,29,METEOR,창모 (CHANGMO)
2020,11,1,30,거짓말이라도 해서 널 보고싶어,백지영
2020,11,1,31,Memories,Maroon 5
2020,11,1,32,"모든 날, 모든 순간 (Every day, Every Moment)",폴킴
2020,11,1,33,사랑은 지날수록 더욱 선명하게 남아,전상근
2020,11,1,34,서면역에서,순순희
2020,11,1,35,작은 것들을 위한 시 (Boy With Luv) (Feat. Halsey),방탄소년단
2020,11,1,36,살짝 설렜어 (Nonstop),오마이걸 (OH MY GIRL)
2020,11,1,37,Bad Boy,청하
2020,11,1,38,오늘도 빛나는 너에게 (To You My Light) (Feat.이라온),마크툽 (MAKTUB)
2020,11,1,39,너도 아는,폴킴
2020,11,1,40,우리 왜 헤어져야 해,신예영
2020,11,1,41,2002,Anne-Marie
2020,11,1,42,사랑하게 될 줄 알았어,전미도
2020,11,1,43,마음을 드려요,아이유
2020,11,1,44,"사랑 못해, 남들 쉽게 다 하는 거",먼데이 키즈
2020,11,1,45,Don't Start Now,Dua Lipa
2020,11,1,46,처음처럼,엠씨더맥스 (M.C the MAX)
2020,11,1,47,나랑 같이 걸을래 (바른연애 길잡이 X 적재),적재
2020,11,1,48,덤디덤디 (DUMDi DUMDi),i-dle (아이들)
2020,11,1,49,Ice Cream (with Selena Gomez),BLACKPINK
2020,11,1,50,안녕,폴킴
2020,11,1,51,봄날,방탄소년단
2020,11,1,52,Pretty Savage,BLACKPINK
2020,11,1,53,Not Shy,ITZY (있지)
2020,11,1,54,너의 곁에만 맴돌아,노을
2020,11,1,55,Summer Hate (Feat. 비),지코 (ZICO)
2020,11,1,56,아무노래,지코 (ZICO)
2020,11,1,57,이제 나만 믿어요,임영웅
2020,11,1,58,12:45 (Stripped),Etham
2020,11,1,59,시작,가호 (Gaho)
2020,11,1,60,가을 타나 봐,바이브
2020,11,1,61,Love poem,아이유
2020,11,1,62,보라빛 밤 (pporappippam),선미
2020,11,1,63,행복해,송하예
2020,11,1,64,Maniac,Conan Gray
2020,11,1,65,ON,방탄소년단
2020,11,1,66,너를 만나,폴킴
2020,11,1,67,별을 담은 시 (Ode To The Stars),마크툽 (MAKTUB)
2020,11,1,68,소확행,임창정
2020,11,1,69,Paris in the Rain,Lauv
2020,11,1,70,밤새 (취향저격 그녀 X 카더가든),카더가든
2020,11,1,71,좋은 사람 있으면 소개시켜줘,조이 (JOY)
2020,11,1,72,잠이 들어야 (Feat. 헤이즈),로꼬
2020,11,1,73,취했나봐,황인욱
2020,11,1,74,그때 그 아인,김필
2020,11,1,75,도망가,MINO (송민호)
2020,11,1,76,Into the I-LAND,아이유
2020,11,1,77,Psycho,Red Velvet (레드벨벳)
2020,11,1,78,축하해 (Prod. By VAN.C),오반(OVAN)
2020,11,1,79,시든 꽃에 물을 주듯,HYNN (박혜원)
2020,11,1,80,AYA,마마무 (Mamamoo)
2020,11,1,81,사실 나는 (Feat.전건호),경서예지
2020,11,1,82,bad guy,Billie Eilish
2020,11,1,83,Painkiller,Ruel
2020,11,1,84,하루도 그대를 사랑하지 않은 적이 없었다,임창정
2020,11,1,85,사랑하고 싶지 않아 (바른연애 길잡이 X XIA (준수)),XIA (준수)
2020,11,1,86,나비와 고양이 (feat.백현 (BAEKHYUN)),볼빨간사춘기
2020,11,1,87,Dancing Cartoon,볼빨간사춘기
2020,11,1,88,첫 줄,신용재 (2F)
2020,11,1,89,Stuck with U,Ariana Grande
2020,11,1,90,반만,진민호
2020,11,1,91,밤하늘의 저 별처럼,헤이즈 (Heize)
2020,11,1,92,화려하지 않은 고백,규현 (KYUHYUN)
2020,11,1,93,ALIEN,이수현
2020,11,1,94,사랑이란 멜로는 없어,전상근
2020,11,1,95,행복하니,케이시 (Kassy)
2020,11,1,96,그 여름을 틀어줘,"싹쓰리 (유두래곤, 린다G, 비룡)"
2020,11,1,97,HIP,마마무 (Mamamoo)
2020,11,1,98,Bet You Wanna (Feat. Cardi B),BLACKPINK
2020,11,1,99,너를 사랑하고 있어,백현 (BAEKHYUN)
2020,11,1,100,To Die For,Sam Smith
2020,11,2,1,Dynamite,방탄소년단
2020,11,2,2,힘든 건 사랑이 아니다,임창정
2020,11,2,3,Lovesick Girls,BLACKPINK
2020,11,2,4,취기를 빌려 (취향저격 그녀 X 산들),산들
2020,11,2,5,DON'T TOUCH ME,환불원정대
2020,11,2,6,잠이 오질 않네요,장범준
2020,11,2,7,오래된 노래,스탠딩 에그
2020,11,2,8,딩가딩가 (Dingga),마마무 (Mamamoo)
2020,11,2,9,Savage Love (Laxed - Siren Beat) (BTS Remix),Jawsh 685
2020,11,2,10,내 마음이 움찔했던 순간 (취향저격 그녀 X 규현),규현 (KYUHYUN)
2020,11,2,11,When We Disco (Duet with 선미),박진영
2020,11,2,12,I CAN’T STOP ME,TWICE (트와이스)
2020,11,2,13,눈누난나 (NUNU NANA),제시 (Jessi)
2020,11,2,14,흔들리는 꽃들 속에서 네 샴푸향이 느껴진거야,장범준
2020,11,2,15,How You Like That,BLACKPINK
2020,11,2,16,에잇(Prod.&Feat. SUGA of BTS),아이유
2020,11,2,17,마리아 (Maria),화사 (HWASA)
2020,11,2,18,놓아줘 (with 태연),Crush
2020,11,2,19,Dolphin,오마이걸 (OH MY GIRL)
2020,11,2,20,가을밤에 든 생각,잔나비
2020,11,2,21,어떻게 지내 (Prod. By VAN.C),오반(OVAN)
2020,11,2,22,늦은 밤 너의 집 앞 골목길에서,노을
2020,11,2,23,아로하,조정석
2020,11,2,24,"어떻게 이별까지 사랑하겠어, 널 사랑하는 거지",AKMU (악뮤)
2020,11,2,25,홀로,이하이
2020,11,2,26,METEOR,창모 (CHANGMO)
2020,11,2,27,Blueming,아이유
2020,11,2,28,Dance Monkey,Tones And I
2020,11,2,29,거짓말이라도 해서 널 보고싶어,백지영
2020,11,2,30,Downtown Baby,블루 (BLOO)
2020,11,2,31,"모든 날, 모든 순간 (Every day, Every Moment)",폴킴
2020,11,2,32,Memories,Maroon 5
2020,11,2,33,서면역에서,순순희
2020,11,2,34,다시 여기 바닷가,"싹쓰리 (유두래곤, 린다G, 비룡)"
2020,11,2,35,사랑은 지날수록 더욱 선명하게 남아,전상근
2020,11,2,36,작은 것들을 위한 시 (Boy With Luv) (Feat. Halsey),방탄소년단
2020,11,2,37,오늘도 빛나는 너에게 (To You My Light) (Feat.이라온),마크툽 (MAKTUB)
2020,11,2,38,살짝 설렜어 (Nonstop),오마이걸 (OH MY GIRL)
2020,11,2,39,Bad Boy,청하
2020,11,2,40,우리 왜 헤어져야 해,신예영
2020,11,2,41,2002,Anne-Marie
2020,11,2,42,너도 아는,폴킴
2020,11,2,43,나랑 같이 걸을래 (바른연애 길잡이 X 적재),적재
2020,11,2,44,마음을 드려요,아이유
2020,11,2,45,"사랑 못해, 남들 쉽게 다 하는 거",먼데이 키즈
2020,11,2,46,사랑하게 될 줄 알았어,전미도
2020,11,2,47,처음처럼,엠씨더맥스 (M.C the MAX)
2020,11,2,48,Don't Start Now,Dua Lipa
2020,11,2,49,덤디덤디 (DUMDi DUMDi),i-dle (아이들)
2020,11,2,50,안녕,폴킴
2020,11,2,51,봄날,방탄소년단
2020,11,2,52,AYA,마마무 (Mamamoo)
2020,11,2,53,Pretty Savage,BLACKPINK
2020,11,2,54,이제 나만 믿어요,임영웅
2020,11,2,55,행복해,송하예
2020,11,2,56,아무노래,지코 (ZICO)
2020,11,2,57,Ice Cream (with Selena Gomez),BLACKPINK
2020,11,2,58,소확행,임창정
2020,11,2,59,12:45 (Stripped),Etham
2020,11,2,60,별을 담은 시 (Ode To The Stars),마크툽 (MAKTUB)
2020,11,2,61,시작,가호 (Gaho)
2020,11,2,62,Summer Hate (Feat. 비),지코 (ZICO)
2020,11,2,63,사실 나는 (Feat.전건호),경서예지
2020,11,2,64,Not Shy,ITZY (있지)
2020,11,2,65,Love poem,아이유
2020,11,2,66,너를 만나,폴킴
2020,11,2,67,도망가,MINO (송민호)
2020,11,2,68,가을 타나 봐,바이브
2020,11,2,69,Maniac,Conan Gray
2020,11,2,70,너의 곁에만 맴돌아,노을
2020,11,2,71,보라빛 밤 (pporappippam),선미
2020,11,2,72,ON,방탄소년단
2020,11,2,73,밤새 (취향저격 그녀 X 카더가든),카더가든
2020,11,2,74,Paris in the Rain,Lauv
2020,11,2,75,축하해 (Prod. By VAN.C),오반(OVAN)
2020,11,2,76,취했나봐,황인욱
2020,11,2,77,좋은 사람 있으면 소개시켜줘,조이 (JOY)
2020,11,2,78,그때 그 아인,김필
2020,11,2,79,시든 꽃에 물을 주듯,HYNN (박혜원)
2020,11,2,80,Into the I-LAND,아이유
2020,11,2,81,Psycho,Red Velvet (레드벨벳)
2020,11,2,82,니 이름 불렀나 봐,V.O.S
2020,11,2,83,잠이 들어야 (Feat. 헤이즈),로꼬
2020,11,2,84,Dancing Cartoon,볼빨간사춘기
2020,11,2,85,bad guy,Billie Eilish
2020,11,2,86,Painkiller,Ruel
2020,11,2,87,하루도 그대를 사랑하지 않은 적이 없었다,임창정
2020,11,2,88,첫 줄,신용재 (2F)
2020,11,2,89,사랑하고 싶지 않아 (바른연애 길잡이 X XIA (준수)),XIA (준수)
2020,11,2,90,나비와 고양이 (feat.백현 (BAEKHYUN)),볼빨간사춘기
2020,11,2,91,Stuck with U,Ariana Grande
2020,11,2,92,반만,진민호
2020,11,2,93,HIP,마마무 (Mamamoo)
2020,11,2,94,사랑이란 멜로는 없어,전상근
2020,11,2,95,밤하늘의 저 별처럼,헤이즈 (Heize)
2020,11,2,96,화려하지 않은 고백,규현 (KYUHYUN)
2020,11,2,97,MAGO,여자친구 (GFRIEND)
2020,11,2,98,행복하니,케이시 (Kassy)
2020,11,2,99,My Love (Duet Ver.),이승철
2020,11,2,100,너의 하루 (바른연애 길잡이 X 로꼬),로꼬
2020,11,3,1,Dynamite,방탄소년단
2020,11,3,2,힘든 건 사랑이 아니다,임창정
2020,11,3,3,잠이 오질 않네요,장범준
2020,11,3,4,Lovesick Girls,BLACKPINK
2020,11,3,5,취기를 빌려 (취향저격 그녀 X 산들),산들
2020,11,3,6,DON'T TOUCH ME,환불원정대
2020,11,3,7,오래된 노래,스탠딩 에그
2020,11,3,8,Savage Love (Laxed - Siren Beat) (BTS Remix),Jawsh 685
2020,11,3,9,딩가딩가 (Dingga),마마무 (Mamamoo)
2020,11,3,10,내 마음이 움찔했던 순간 (취향저격 그녀 X 규현),규현 (KYUHYUN)
2020,11,3,11,뻔한남자,이승기
2020,11,3,12,When We Disco (Duet with 선미),박진영
2020,11,3,13,I CAN’T STOP ME,TWICE (트와이스)
2020,11,3,14,"어떻게 이별까지 사랑하겠어, 널 사랑하는 거지",AKMU (악뮤)
2020,11,3,15,가을밤에 든 생각,잔나비
2020,11,3,16,흔들리는 꽃들 속에서 네 샴푸향이 느껴진거야,장범준
2020,11,3,17,에잇(Prod.&Feat. SUGA of BTS),아이유
2020,11,3,18,How You Like That,BLACKPINK
2020,11,3,19,눈누난나 (NUNU NANA),제시 (Jessi)
2020,11,3,20,어떻게 지내 (Prod. By VAN.C),오반(OVAN)
2020,11,3,21,마리아 (Maria),화사 (HWASA)
2020,11,3,22,늦은 밤 너의 집 앞 골목길에서,노을
2020,11,3,23,Dolphin,오마이걸 (OH MY GIRL)
2020,11,3,24,밤하늘의 별을(2020),경서
2020,11,3,25,아로하,조정석
2020,11,3,26,놓아줘 (with 태연),Crush
2020,11,3,27,HAPPENING,AKMU (악뮤)
2020,11,3,28,METEOR,창모 (CHANGMO)
2020,11,3,29,Blueming,아이유
2020,11,3,30,거짓말이라도 해서 널 보고싶어,백지영
2020,11,3,31,홀로,이하이
2020,11,3,32,"모든 날, 모든 순간 (Every day, Every Moment)",폴킴
2020,11,3,33,서면역에서,순순희
2020,11,3,34,Life Goes On,방탄소년단
2020,11,3,35,Dance Monkey,Tones And I
2020,11,3,36,작은 것들을 위한 시 (Boy With Luv) (Feat. Halsey),방탄소년단
2020,11,3,37,나랑 같이 걸을래 (바른연애 길잡이 X 적재),적재
2020,11,3,38,Downtown Baby,블루 (BLOO)
2020,11,3,39,Memories,Maroon 5
2020,11,3,40,사랑은 지날수록 더욱 선명하게 남아,전상근
2020,11,3,41,오늘도 빛나는 너에게 (To You My Light) (Feat.이라온),마크툽 (MAKTUB)
2020,11,3,42,다시 여기 바닷가,"싹쓰리 (유두래곤, 린다G, 비룡)"
2020,11,3,43,우리 왜 헤어져야 해,신예영
2020,11,3,44,Bad Boy,청하
2020,11,3,45,살짝 설렜어 (Nonstop),오마이걸 (OH MY GIRL)
2020,11,3,46,2002,Anne-Marie
2020,11,3,47,마음을 드려요,아이유
2020,11,3,48,"사랑 못해, 남들 쉽게 다 하는 거",먼데이 키즈
2020,11,3,49,너도 아는,폴킴
2020,11,3,50,봄날,방탄소년단
2020,11,3,51,사실 나는 (Feat.전건호),경서예지
2020,11,3,52,사랑하게 될 줄 알았어,전미도
2020,11,3,53,AYA,마마무 (Mamamoo)
2020,11,3,54,처음처럼,엠씨더맥스 (M.C the MAX)
2020,11,3,55,소확행,임창정
2020,11,3,56,Don't Start Now,Dua Lipa
2020,11,3,57,안녕,폴킴
2020,11,3,58,행복해,송하예
2020,11,3,59,별을 담은 시 (Ode To The Stars),마크툽 (MAKTUB)
2020,11,3,60,이제 나만 믿어요,임영웅
2020,11,3,61,덤디덤디 (DUMDi DUMDi),i-dle (아이들)
2020,11,3,62,축하해 (Prod. By VAN.C),오반(OVAN)
2020,11,3,63,Pretty Savage,BLACKPINK
2020,11,3,64,아무노래,지코 (ZICO)
2020,11,3,65,12:45 (Stripped),Etham
2020,11,3,66,너를 만나,폴킴
2020,11,3,67,ON,방탄소년단
2020,11,3,68,도망가,MINO (송민호)
2020,11,3,69,Love poem,아이유
2020,11,3,70,시작,가호 (Gaho)
2020,11,3,71,Ice Cream (with Selena Gomez),BLACKPINK
2020,11,3,72,Maniac,Conan Gray
2020,11,3,73,Paris in the Rain,Lauv
2020,11,3,74,Not Shy,ITZY (있지)
2020,11,3,75,Summer Hate (Feat. 비),지코 (ZICO)
2020,11,3,76,광장동에서,창모 (CHANGMO)
2020,11,3,77,가을 타나 봐,바이브
2020,11,3,78,밤새 (취향저격 그녀 X 카더가든),카더가든
2020,11,3,79,너의 곁에만 맴돌아,노을
2020,11,3,80,보라빛 밤 (pporappippam),선미
2020,11,3,81,취했나봐,황인욱
2020,11,3,82,그때 그 아인,김필
2020,11,3,83,시든 꽃에 물을 주듯,HYNN (박혜원)
2020,11,3,84,좋은 사람 있으면 소개시켜줘,조이 (JOY)
2020,11,3,85,첫 줄,신용재 (2F)
2020,11,3,86,니 이름 불렀나 봐,V.O.S
2020,11,3,87,Psycho,Red Velvet (레드벨벳)
2020,11,3,88,Into the I-LAND,아이유
2020,11,3,89,bad guy,Billie Eilish
2020,11,3,90,Painkiller,Ruel
2020,11,3,91,하루도 그대를 사랑하지 않은 적이 없었다,임창정
2020,11,3,92,Stuck with U,Ariana Grande
2020,11,3,93,HIP,마마무 (Mamamoo)
2020,11,3,94,사랑이란 멜로는 없어,전상근
2020,11,3,95,사랑하고 싶지 않아 (바른연애 길잡이 X XIA (준수)),XIA (준수)
2020,11,3,96,나비와 고양이 (feat.백현 (BAEKHYUN)),볼빨간사춘기
2020,11,3,97,밤하늘의 저 별처럼,헤이즈 (Heize)
2020,11,3,98,반만,진민호
2020,11,3,99,잠이 들어야 (Feat. 헤이즈),로꼬
2020,11,3,100,내 방을 여행하는 법,방탄소년단
2020,11,4,1,VVS (Feat. JUSTHIS) (Prod. GroovyRoom),미란이 (MIRANI)
2020,11,4,2,Dynamite,방탄소년단
2020,11,4,3,잠이 오질 않네요,장범준
2020,11,4,4,힘든 건 사랑이 아니다,임창정
2020,11,4,5,Lovesick Girls,BLACKPINK
2020,11,4,6,Life Goes On,방탄소년단
2020,11,4,7,취기를 빌려 (취향저격 그녀 X 산들),산들
2020,11,4,8,Freak (Prod. Slom),릴보이 (lIlBOI)
2020,11,4,9,DON'T TOUCH ME,환불원정대
2020,11,4,10,밤하늘의 별을(2020),경서
2020,11,4,11,Savage Love (Laxed - Siren Beat) (BTS Remix),Jawsh 685
2020,11,4,12,오래된 노래,스탠딩 에그
2020,11,4,13,딩가딩가 (Dingga),마마무 (Mamamoo)
2020,11,4,14,내 마음이 움찔했던 순간 (취향저격 그녀 X 규현),규현 (KYUHYUN)
2020,11,4,15,When We Disco (Duet with 선미),박진영
2020,11,4,16,뻔한남자,이승기
2020,11,4,17,"어떻게 이별까지 사랑하겠어, 널 사랑하는 거지",AKMU (악뮤)
2020,11,4,18,원해 (Feat. 팔로알토) (Prod. 코드 쿤스트),스윙스
2020,11,4,19,가을밤에 든 생각,잔나비
2020,11,4,20,I CAN’T STOP ME,TWICE (트와이스)
2020,11,4,21,흔들리는 꽃들 속에서 네 샴푸향이 느껴진거야,장범준
2020,11,4,22,에잇(Prod.&Feat. SUGA of BTS),아이유
2020,11,4,23,How You Like That,BLACKPINK
2020,11,4,24,어떻게 지내 (Prod. By VAN.C),오반(OVAN)
2020,11,4,25,늦은 밤 너의 집 앞 골목길에서,노을
2020,11,4,26,눈누난나 (NUNU NANA),제시 (Jessi)
2020,11,4,27,나랑 같이 걸을래 (바른연애 길잡이 X 적재),적재
2020,11,4,28,마리아 (Maria),화사 (HWASA)
2020,11,4,29,Dolphin,오마이걸 (OH MY GIRL)
2020,11,4,30,아로하,조정석
2020,11,4,31,작은 것들을 위한 시 (Boy With Luv) (Feat. Halsey),방탄소년단
2020,11,4,32,Blueming,아이유
2020,11,4,33,내 방을 여행하는 법,방탄소년단
2020,11,4,34,METEOR,창모 (CHANGMO)
2020,11,4,35,거짓말이라도 해서 널 보고싶어,백지영
2020,11,4,36,놓아줘 (with 태연),Crush
2020,11,4,37,"모든 날, 모든 순간 (Every day, Every Moment)",폴킴
2020,11,4,38,Blue & Grey,방탄소년단
2020,11,4,39,서면역에서,순순희
2020,11,4,40,홀로,이하이
2020,11,4,41,Dance Monkey,Tones And I
2020,11,4,42,Memories,Maroon 5
2020,11,4,43,사랑은 지날수록 더욱 선명하게 남아,전상근
2020,11,4,44,Downtown Baby,블루 (BLOO)
2020,11,4,45,"윈윈 (Feat. 개코, BewhY) (Prod. BewhY)",허성현 (Huh)
2020,11,4,46,오늘도 빛나는 너에게 (To You My Light) (Feat.이라온),마크툽 (MAKTUB)
2020,11,4,47,사실 나는 (Feat.전건호),경서예지
2020,11,4,48,봄날,방탄소년단
2020,11,4,49,우리 왜 헤어져야 해,신예영
2020,11,4,50,마음을 드려요,아이유
2020,11,4,51,2002,Anne-Marie
2020,11,4,52,다시 여기 바닷가,"싹쓰리 (유두래곤, 린다G, 비룡)"
2020,11,4,53,"사랑 못해, 남들 쉽게 다 하는 거",먼데이 키즈
2020,11,4,54,Bad Boy,청하
2020,11,4,55,살짝 설렜어 (Nonstop),오마이걸 (OH MY GIRL)
2020,11,4,56,잠시,방탄소년단
2020,11,4,57,소확행,임창정
2020,11,4,58,사랑하게 될 줄 알았어,전미도
2020,11,4,59,처음처럼,엠씨더맥스 (M.C the MAX)
2020,11,4,60,AYA,마마무 (Mamamoo)
2020,11,4,61,행복해,송하예
2020,11,4,62,너도 아는,폴킴
2020,11,4,63,HAPPENING,AKMU (악뮤)
2020,11,4,64,이제 나만 믿어요,임영웅
2020,11,4,65,Stay,방탄소년단
2020,11,4,66,안녕,폴킴
2020,11,4,67,Don't Start Now,Dua Lipa
2020,11,4,68,병,방탄소년단
2020,11,4,69,ON,방탄소년단
2020,11,4,70,별을 담은 시 (Ode To The Stars),마크툽 (MAKTUB)
2020,11,4,71,너를 만나,폴킴
2020,11,4,72,아무노래,지코 (ZICO)
2020,11,4,73,12:45 (Stripped),Etham
2020,11,4,74,축하해 (Prod. By VAN.C),오반(OVAN)
2020,11,4,75,Love poem,아이유
2020,11,4,76,덤디덤디 (DUMDi DUMDi),i-dle (아이들)
2020,11,4,77,Pretty Savage,BLACKPINK
2020,11,4,78,시작,가호 (Gaho)
2020,11,4,79,Maniac,Conan Gray
2020,11,4,80,Paris in the Rain,Lauv
2020,11,4,81,도망가,MINO (송민호)
2020,11,4,82,밤새 (취향저격 그녀 X 카더가든),카더가든
2020,11,4,83,Not Shy,ITZY (있지)
2020,11,4,84,그때 그 아인,김필
2020,11,4,85,시든 꽃에 물을 주듯,HYNN (박혜원)
2020,11,4,86,Summer Hate (Feat. 비),지코 (ZICO)
2020,11,4,87,Ice Cream (with Selena Gomez),BLACKPINK
2020,11,4,88,취했나봐,황인욱
2020,11,4,89,보라빛 밤 (pporappippam),선미
2020,11,4,90,첫 줄,신용재 (2F)
2020,11,4,91,가을 타나 봐,바이브
2020,11,4,92,너의 곁에만 맴돌아,노을
2020,11,4,93,좋은 사람 있으면 소개시켜줘,조이 (JOY)
2020,11,4,94,Psycho,Red Velvet (레드벨벳)
2020,11,4,95,bad guy,Billie Eilish
2020,11,4,96,Painkiller,Ruel
2020,11,4,97,Into the I-LAND,아이유
2020,11,4,98,니 이름 불렀나 봐,V.O.S
2020,11,4,99,광장동에서,창모 (CHANGMO)
2020,11,4,100,Black Mamba,aespa
2020,12,1,1,VVS (Feat. JUSTHIS) (Prod. GroovyRoom),미란이 (MIRANI)
2020,12,1,2,Dynamite,방탄소년단
2020,12,1,3,잠이 오질 않네요,장범준
2020,12,1,4,힘든 건 사랑이 아니다,임창정
2020,12,1,5,Life Goes On,방탄소년단
2020,12,1,6,Lovesick Girls,BLACKPINK
2020,12,1,7,취기를 빌려 (취향저격 그녀 X 산들),산들
2020,12,1,8,밤하늘의 별을(2020),경서
2020,12,1,9,Freak (Prod. Slom),릴보이 (lIlBOI)
2020,12,1,10,오래된 노래,스탠딩 에그
2020,12,1,11,Savage Love (Laxed - Siren Beat) (BTS Remix),Jawsh 685
2020,12,1,12,DON'T TOUCH ME,환불원정대
2020,12,1,13,내 마음이 움찔했던 순간 (취향저격 그녀 X 규현),규현 (KYUHYUN)
2020,12,1,14,딩가딩가 (Dingga),마마무 (Mamamoo)
2020,12,1,15,When We Disco (Duet with 선미),박진영
2020,12,1,16,"어떻게 이별까지 사랑하겠어, 널 사랑하는 거지",AKMU (악뮤)
2020,12,1,17,뻔한남자,이승기
2020,12,1,18,원해 (Feat. 팔로알토) (Prod. 코드 쿤스트),스윙스
2020,12,1,19,에잇(Prod.&Feat. SUGA of BTS),아이유
2020,12,1,20,흔들리는 꽃들 속에서 네 샴푸향이 느껴진거야,장범준
2020,12,1,21,나랑 같이 걸을래 (바른연애 길잡이 X 적재),적재
2020,12,1,22,I CAN’T STOP ME,TWICE (트와이스)
2020,12,1,23,어떻게 지내 (Prod. By VAN.C),오반(OVAN)
2020,12,1,24,How You Like That,BLACKPINK
2020,12,1,25,가을밤에 든 생각,잔나비
2020,12,1,26,늦은 밤 너의 집 앞 골목길에서,노을
2020,12,1,27,All I Want for Christmas Is You,Mariah Carey
2020,12,1,28,Dolphin,오마이걸 (OH MY GIRL)
2020,12,1,29,아로하,조정석
2020,12,1,30,눈누난나 (NUNU NANA),제시 (Jessi)
2020,12,1,31,마리아 (Maria),화사 (HWASA)
2020,12,1,32,METEOR,창모 (CHANGMO)
2020,12,1,33,Blueming,아이유
2020,12,1,34,작은 것들을 위한 시 (Boy With Luv) (Feat. Halsey),방탄소년단
2020,12,1,35,거짓말이라도 해서 널 보고싶어,백지영
2020,12,1,36,"모든 날, 모든 순간 (Every day, Every Moment)",폴킴
2020,12,1,37,서면역에서,순순희
2020,12,1,38,홀로,이하이
2020,12,1,39,사실 나는 (Feat.전건호),경서예지
2020,12,1,40,Memories,Maroon 5
2020,12,1,41,Dance Monkey,Tones And I
2020,12,1,42,사랑은 지날수록 더욱 선명하게 남아,전상근
2020,12,1,43,내 방을 여행하는 법,방탄소년단
2020,12,1,44,놓아줘 (with 태연),Crush
2020,12,1,45,Downtown Baby,블루 (BLOO)
2020,12,1,46,오늘도 빛나는 너에게 (To You My Light) (Feat.이라온),마크툽 (MAKTUB)
2020,12,1,47,Blue & Grey,방탄소년단
2020,12,1,48,봄날,방탄소년단
2020,12,1,49,우리 왜 헤어져야 해,신예영
2020,12,1,50,Santa Tell Me,Ariana Grande
2020,12,1,51,"윈윈 (Feat. 개코, BewhY) (Prod. BewhY)",허성현 (Huh)
2020,12,1,52,마음을 드려요,아이유
2020,12,1,53,2002,Anne-Marie
2020,12,1,54,"사랑 못해, 남들 쉽게 다 하는 거",먼데이 키즈
2020,12,1,55,소확행,임창정
2020,12,1,56,Bad Boy,청하
2020,12,1,57,너도 아는,폴킴
2020,12,1,58,살짝 설렜어 (Nonstop),오마이걸 (OH MY GIRL)
2020,12,1,59,다시 여기 바닷가,"싹쓰리 (유두래곤, 린다G, 비룡)"
2020,12,1,60,사랑하게 될 줄 알았어,전미도
2020,12,1,61,행복해,송하예
2020,12,1,62,처음처럼,엠씨더맥스 (M.C the MAX)
2020,12,1,63,안녕,폴킴
2020,12,1,64,Don't Start Now,Dua Lipa
2020,12,1,65,이제 나만 믿어요,임영웅
2020,12,1,66,AYA,마마무 (Mamamoo)
2020,12,1,67,잠시,방탄소년단
2020,12,1,68,별을 담은 시 (Ode To The Stars),마크툽 (MAKTUB)
2020,12,1,69,너를 만나,폴킴
2020,12,1,70,ON,방탄소년단
2020,12,1,71,아무노래,지코 (ZICO)
2020,12,1,72,혼술하고 싶은 밤,벤
2020,12,1,73,12:45 (Stripped),Etham
2020,12,1,74,Love poem,아이유
2020,12,1,75,시작,가호 (Gaho)
2020,12,1,76,Stay,방탄소년단
2020,12,1,77,Black Mamba,aespa
2020,12,1,78,Pretty Savage,BLACKPINK
2020,12,1,79,"내일이 오면 (Feat. 기리보이, BIG Naughty (서동현))",릴보이 (lIlBOI)
2020,12,1,80,병,방탄소년단
2020,12,1,81,덤디덤디 (DUMDi DUMDi),i-dle (아이들)
2020,12,1,82,Maniac,Conan Gray
2020,12,1,83,HAPPENING,AKMU (악뮤)
2020,12,1,84,축하해 (Prod. By VAN.C),오반(OVAN)
2020,12,1,85,Paris in the Rain,Lauv
2020,12,1,86,시든 꽃에 물을 주듯,HYNN (박혜원)
2020,12,1,87,밤새 (취향저격 그녀 X 카더가든),카더가든
2020,12,1,88,그때 그 아인,김필
2020,12,1,89,도망가,MINO (송민호)
2020,12,1,90,취했나봐,황인욱
2020,12,1,91,Ice Cream (with Selena Gomez),BLACKPINK
2020,12,1,92,첫 줄,신용재 (2F)
2020,12,1,93,Snowman,Sia
2020,12,1,94,너의 곁에만 맴돌아,노을
2020,12,1,95,Not Shy,ITZY (있지)
2020,12,1,96,보라빛 밤 (pporappippam),선미
2020,12,1,97,Summer Hate (Feat. 비),지코 (ZICO)
2020,12,1,98,좋은 사람 있으면 소개시켜줘,조이 (JOY)
2020,12,1,99,Psycho,Red Velvet (레드벨벳)
2020,12,1,100,bad guy,Billie Eilish
2020,12,2,1,VVS (Feat. JUSTHIS) (Prod. GroovyRoom),미란이 (MIRANI)
2020,12,2,2,"내일이 오면 (Feat. 기리보이, BIG Naughty (서동현))",릴보이 (lIlBOI)
2020,12,2,3,Dynamite,방탄소년단
2020,12,2,4,잠이 오질 않네요,장범준
2020,12,2,5,힘든 건 사랑이 아니다,임창정
2020,12,2,6,밤하늘의 별을(2020),경서
2020,12,2,7,"Achoo (Feat. pH-1, HAON) (Prod. GroovyRoom)",미란이 (MIRANI)
2020,12,2,8,Lovesick Girls,BLACKPINK
2020,12,2,9,취기를 빌려 (취향저격 그녀 X 산들),산들
2020,12,2,10,Life Goes On,방탄소년단
2020,12,2,11,Freak (Prod. Slom),릴보이 (lIlBOI)
2020,12,2,12,All I Want for Christmas Is You,Mariah Carey
2020,12,2,13,뿌리 (Feat. JUSTHIS) (Prod. GroovyRoom),Khundi Panda
2020,12,2,14,오래된 노래,스탠딩 에그
2020,12,2,15,Savage Love (Laxed - Siren Beat) (BTS Remix),Jawsh 685
2020,12,2,16,내 마음이 움찔했던 순간 (취향저격 그녀 X 규현),규현 (KYUHYUN)
2020,12,2,17,DON'T TOUCH ME,환불원정대
2020,12,2,18,딩가딩가 (Dingga),마마무 (Mamamoo)
2020,12,2,19,When We Disco (Duet with 선미),박진영
2020,12,2,20,"어떻게 이별까지 사랑하겠어, 널 사랑하는 거지",AKMU (악뮤)
2020,12,2,21,Santa Tell Me,Ariana Grande
2020,12,2,22,적외선 카메라,원슈타인
2020,12,2,23,나랑 같이 걸을래 (바른연애 길잡이 X 적재),적재
2020,12,2,24,에잇(Prod.&Feat. SUGA of BTS),아이유
2020,12,2,25,흔들리는 꽃들 속에서 네 샴푸향이 느껴진거야,장범준
2020,12,2,26,How You Like That,BLACKPINK
2020,12,2,27,어떻게 지내 (Prod. By VAN.C),오반(OVAN)
2020,12,2,28,뻔한남자,이승기
2020,12,2,29,늦은 밤 너의 집 앞 골목길에서,노을
2020,12,2,30,혼술하고 싶은 밤,벤
2020,12,2,31,I CAN’T STOP ME,TWICE (트와이스)
2020,12,2,32,Dolphin,오마이걸 (OH MY GIRL)
2020,12,2,33,아로하,조정석
2020,12,2,34,원해 (Feat. 팔로알토) (Prod. 코드 쿤스트),스윙스
2020,12,2,35,가을밤에 든 생각,잔나비
2020,12,2,36,METEOR,창모 (CHANGMO)
2020,12,2,37,Blueming,아이유
2020,12,2,38,눈누난나 (NUNU NANA),제시 (Jessi)
2020,12,2,39,부어라 비워라 (Tricker) (Prod. GroovyRoom),머쉬베놈 (MUSHVENOM)
2020,12,2,40,마리아 (Maria),화사 (HWASA)
2020,12,2,41,"모든 날, 모든 순간 (Every day, Every Moment)",폴킴
2020,12,2,42,작은 것들을 위한 시 (Boy With Luv) (Feat. Halsey),방탄소년단
2020,12,2,43,거짓말이라도 해서 널 보고싶어,백지영
2020,12,2,44,사실 나는 (Feat.전건호),경서예지
2020,12,2,45,서면역에서,순순희
2020,12,2,46,Memories,Maroon 5
2020,12,2,47,홀로,이하이
2020,12,2,48,Dance Monkey,Tones And I
2020,12,2,49,Snowman,Sia
2020,12,2,50,사랑은 지날수록 더욱 선명하게 남아,전상근
2020,12,2,51,오늘도 빛나는 너에게 (To You My Light) (Feat.이라온),마크툽 (MAKTUB)
2020,12,2,52,Downtown Baby,블루 (BLOO)
2020,12,2,53,봄날,방탄소년단
2020,12,2,54,우리 왜 헤어져야 해,신예영
2020,12,2,55,마음을 드려요,아이유
2020,12,2,56,미리 메리 크리스마스 (Feat. 천둥 Of MBLAQ),아이유
2020,12,2,57,2002,Anne-Marie
2020,12,2,58,소확행,임창정
2020,12,2,59,"사랑 못해, 남들 쉽게 다 하는 거",먼데이 키즈
2020,12,2,60,놓아줘 (with 태연),Crush
2020,12,2,61,내 방을 여행하는 법,방탄소년단
2020,12,2,62,살짝 설렜어 (Nonstop),오마이걸 (OH MY GIRL)
2020,12,2,63,Blue & Grey,방탄소년단
2020,12,2,64,Bad Boy,청하
2020,12,2,65,너도 아는,폴킴
2020,12,2,66,행복해,송하예
2020,12,2,67,처음처럼,엠씨더맥스 (M.C the MAX)
2020,12,2,68,사랑하게 될 줄 알았어,전미도
2020,12,2,69,안녕,폴킴
2020,12,2,70,다시 여기 바닷가,"싹쓰리 (유두래곤, 린다G, 비룡)"
2020,12,2,71,Don't Start Now,Dua Lipa
2020,12,2,72,시작,가호 (Gaho)
2020,12,2,73,어김없이 이 거리에,정승환
2020,12,2,74,"윈윈 (Feat. 개코, BewhY) (Prod. BewhY)",허성현 (Huh)
2020,12,2,75,이제 나만 믿어요,임영웅
2020,12,2,76,별을 담은 시 (Ode To The Stars),마크툽 (MAKTUB)
2020,12,2,77,Panorama,IZ*ONE (아이즈원)
2020,12,2,78,너를 만나,폴킴
2020,12,2,79,AYA,마마무 (Mamamoo)
2020,12,2,80,ON,방탄소년단
2020,12,2,81,12:45 (Stripped),Etham
2020,12,2,82,아무노래,지코 (ZICO)
2020,12,2,83,Black Mamba,aespa
2020,12,2,84,Love poem,아이유
2020,12,2,85,잠시,방탄소년단
2020,12,2,86,Maniac,Conan Gray
2020,12,2,87,Paris in the Rain,Lauv
2020,12,2,88,Pretty Savage,BLACKPINK
2020,12,2,89,덤디덤디 (DUMDi DUMDi),i-dle (아이들)
2020,12,2,90,크리스마스니까,성시경
2020,12,2,91,그때 그 아인,김필
2020,12,2,92,시든 꽃에 물을 주듯,HYNN (박혜원)
2020,12,2,93,한 번에 알아본 사랑 (바른연애 길잡이 X 양요섭),양요섭
2020,12,2,94,너의 곁에만 맴돌아,노을
2020,12,2,95,밤새 (취향저격 그녀 X 카더가든),카더가든
2020,12,2,96,도망가,MINO (송민호)
2020,12,2,97,축하해 (Prod. By VAN.C),오반(OVAN)
2020,12,2,98,첫 줄,신용재 (2F)
2020,12,2,99,Stay,방탄소년단
2020,12,2,100,병,방탄소년단
2020,12,3,1,VVS (Feat. JUSTHIS) (Prod. GroovyRoom),미란이 (MIRANI)
2020,12,3,2,Dynamite,방탄소년단
2020,12,3,3,밤하늘의 별을(2020),경서
2020,12,3,4,"내일이 오면 (Feat. 기리보이, BIG Naughty (서동현))",릴보이 (lIlBOI)
2020,12,3,5,잠이 오질 않네요,장범준
2020,12,3,6,All I Want for Christmas Is You,Mariah Carey
2020,12,3,7,힘든 건 사랑이 아니다,임창정
2020,12,3,8,취기를 빌려 (취향저격 그녀 X 산들),산들
2020,12,3,9,Lovesick Girls,BLACKPINK
2020,12,3,10,Life Goes On,방탄소년단
2020,12,3,11,"Achoo (Feat. pH-1, HAON) (Prod. GroovyRoom)",미란이 (MIRANI)
2020,12,3,12,Santa Tell Me,Ariana Grande
2020,12,3,13,악역 (Feat. 이하이 & 사이먼 도미닉) (Prod. 코드 쿤스트),스윙스
2020,12,3,14,Savage Love (Laxed - Siren Beat) (BTS Remix),Jawsh 685
2020,12,3,15,오래된 노래,스탠딩 에그
2020,12,3,16,Freak (Prod. Slom),릴보이 (lIlBOI)
2020,12,3,17,내 마음이 움찔했던 순간 (취향저격 그녀 X 규현),규현 (KYUHYUN)
2020,12,3,18,뿌리 (Feat. JUSTHIS) (Prod. GroovyRoom),Khundi Panda
2020,12,3,19,미리 메리 크리스마스 (Feat. 천둥 Of MBLAQ),아이유
2020,12,3,20,나랑 같이 걸을래 (바른연애 길잡이 X 적재),적재
2020,12,3,21,"어떻게 이별까지 사랑하겠어, 널 사랑하는 거지",AKMU (악뮤)
2020,12,3,22,When We Disco (Duet with 선미),박진영
2020,12,3,23,What Do I Call You,태연 (TAEYEON)
2020,12,3,24,Snowman,Sia
2020,12,3,25,딩가딩가 (Dingga),마마무 (Mamamoo)
2020,12,3,26,DON'T TOUCH ME,환불원정대
2020,12,3,27,혼술하고 싶은 밤,벤
2020,12,3,28,고독하구만 (Feat. 수퍼비) (Prod. GroovyRoom),머쉬베놈 (MUSHVENOM)
2020,12,3,29,에잇(Prod.&Feat. SUGA of BTS),아이유
2020,12,3,30,흔들리는 꽃들 속에서 네 샴푸향이 느껴진거야,장범준
2020,12,3,31,늦은 밤 너의 집 앞 골목길에서,노을
2020,12,3,32,어떻게 지내 (Prod. By VAN.C),오반(OVAN)
2020,12,3,33,뻔한남자,이승기
2020,12,3,34,How You Like That,BLACKPINK
2020,12,3,35,I CAN’T STOP ME,TWICE (트와이스)
2020,12,3,36,아로하,조정석
2020,12,3,37,Dolphin,오마이걸 (OH MY GIRL)
2020,12,3,38,적외선 카메라,원슈타인
2020,12,3,39,METEOR,창모 (CHANGMO)
2020,12,3,40,"모든 날, 모든 순간 (Every day, Every Moment)",폴킴
2020,12,3,41,Blueming,아이유
2020,12,3,42,사실 나는 (Feat.전건호),경서예지
2020,12,3,43,거짓말이라도 해서 널 보고싶어,백지영
2020,12,3,44,가을밤에 든 생각,잔나비
2020,12,3,45,작은 것들을 위한 시 (Boy With Luv) (Feat. Halsey),방탄소년단
2020,12,3,46,크리스마스니까,성시경
2020,12,3,47,마리아 (Maria),화사 (HWASA)
2020,12,3,48,눈누난나 (NUNU NANA),제시 (Jessi)
2020,12,3,49,서면역에서,순순희
2020,12,3,50,홀로,이하이
2020,12,3,51,Memories,Maroon 5
2020,12,3,52,오늘도 빛나는 너에게 (To You My Light) (Feat.이라온),마크툽 (MAKTUB)
2020,12,3,53,마음을 드려요,아이유
2020,12,3,54,사랑은 지날수록 더욱 선명하게 남아,전상근
2020,12,3,55,원해 (Feat. 팔로알토) (Prod. 코드 쿤스트),스윙스
2020,12,3,56,Dance Monkey,Tones And I
2020,12,3,57,우리 왜 헤어져야 해,신예영
2020,12,3,58,봄날,방탄소년단
2020,12,3,59,Downtown Baby,블루 (BLOO)
2020,12,3,60,"사랑 못해, 남들 쉽게 다 하는 거",먼데이 키즈
2020,12,3,61,2002,Anne-Marie
2020,12,3,62,소확행,임창정
2020,12,3,63,부어라 비워라 (Tricker) (Prod. GroovyRoom),머쉬베놈 (MUSHVENOM)
2020,12,3,64,살짝 설렜어 (Nonstop),오마이걸 (OH MY GIRL)
2020,12,3,65,For You (Feat. Crush),이하이
2020,12,3,66,잘할게,이승기
2020,12,3,67,시작,가호 (Gaho)
2020,12,3,68,행복해,송하예
2020,12,3,69,처음처럼,엠씨더맥스 (M.C the MAX)
2020,12,3,70,안녕,폴킴
2020,12,3,71,놓아줘 (with 태연),Crush
2020,12,3,72,Bad News Cypher vol.2 (Feat. TakeOne),릴보이 (lIlBOI)
2020,12,3,73,이제 나만 믿어요,임영웅
2020,12,3,74,Panorama,IZ*ONE (아이즈원)
2020,12,3,75,너도 아는,폴킴
2020,12,3,76,Bad Boy,청하
2020,12,3,77,사랑하게 될 줄 알았어,전미도
2020,12,3,78,너를 만나,폴킴
2020,12,3,79,별을 담은 시 (Ode To The Stars),마크툽 (MAKTUB)
2020,12,3,80,Blue & Grey,방탄소년단
2020,12,3,81,내 방을 여행하는 법,방탄소년단
2020,12,3,82,"Hero (Feat. JUSTHIS, Golden) (Prod. GroovyRoom)",Khundi Panda
2020,12,3,83,Don't Start Now,Dua Lipa
2020,12,3,84,다시 여기 바닷가,"싹쓰리 (유두래곤, 린다G, 비룡)"
2020,12,3,85,한잔이면 지워질까,황인욱
2020,12,3,86,ON,방탄소년단
2020,12,3,87,Black Mamba,aespa
2020,12,3,88,12:45 (Stripped),Etham
2020,12,3,89,Love poem,아이유
2020,12,3,90,아무노래,지코 (ZICO)
2020,12,3,91,"iii (Feat. 베이식, Kid Milli & 팔로알토) (Prod. 코드 쿤스트)",래원 (Layone)
2020,12,3,92,AYA,마마무 (Mamamoo)
2020,12,3,93,Hate you,백예린 (Yerin Baek)
2020,12,3,94,Maniac,Conan Gray
2020,12,3,95,Paris in the Rain,Lauv
2020,12,3,96,"윈윈 (Feat. 개코, BewhY) (Prod. BewhY)",허성현 (Huh)
2020,12,3,97,어김없이 이 거리에,정승환
2020,12,3,98,Pretty Savage,BLACKPINK
2020,12,3,99,덤디덤디 (DUMDi DUMDi),i-dle (아이들)
2020,12,3,100,그때 그 아인,김필
2020,12,4,1,VVS (Feat. JUSTHIS) (Prod. GroovyRoom),미란이 (MIRANI)
2020,12,4,2,All I Want for Christmas Is You,Mariah Carey
2020,12,4,3,밤하늘의 별을(2020),경서
2020,12,4,4,Dynamite,방탄소년단
2020,12,4,5,Santa Tell Me,Ariana Grande
2020,12,4,6,"내일이 오면 (Feat. 기리보이, BIG Naughty (서동현))",릴보이 (lIlBOI)
2020,12,4,7,잠이 오질 않네요,장범준
2020,12,4,8,힘든 건 사랑이 아니다,임창정
2020,12,4,9,취기를 빌려 (취향저격 그녀 X 산들),산들
2020,12,4,10,미리 메리 크리스마스 (Feat. 천둥 Of MBLAQ),아이유
2020,12,4,11,Lovesick Girls,BLACKPINK
2020,12,4,12,Snowman,Sia
2020,12,4,13,"CREDIT (Feat. 염따, 기리보이, Zion.T)",릴보이 (lIlBOI)
2020,12,4,14,Life Goes On,방탄소년단
2020,12,4,15,"ON AIR (Feat. 로꼬, 박재범 & GRAY)",릴보이 (lIlBOI)
2020,12,4,16,"Achoo (Feat. pH-1, HAON) (Prod. GroovyRoom)",미란이 (MIRANI)
2020,12,4,17,오래된 노래,스탠딩 에그
2020,12,4,18,크리스마스니까,성시경
2020,12,4,19,Savage Love (Laxed - Siren Beat) (BTS Remix),Jawsh 685
2020,12,4,20,Freak (Prod. Slom),릴보이 (lIlBOI)
2020,12,4,21,악역 (Feat. 이하이 & 사이먼 도미닉) (Prod. 코드 쿤스트),스윙스
2020,12,4,22,내 마음이 움찔했던 순간 (취향저격 그녀 X 규현),규현 (KYUHYUN)
2020,12,4,23,뿌리 (Feat. JUSTHIS) (Prod. GroovyRoom),Khundi Panda
2020,12,4,24,When We Disco (Duet with 선미),박진영
2020,12,4,25,나랑 같이 걸을래 (바른연애 길잡이 X 적재),적재
2020,12,4,26,"어떻게 이별까지 사랑하겠어, 널 사랑하는 거지",AKMU (악뮤)
2020,12,4,27,에잇(Prod.&Feat. SUGA of BTS),아이유
2020,12,4,28,혼술하고 싶은 밤,벤
2020,12,4,29,딩가딩가 (Dingga),마마무 (Mamamoo)
2020,12,4,30,흔들리는 꽃들 속에서 네 샴푸향이 느껴진거야,장범준
2020,12,4,31,DON'T TOUCH ME,환불원정대
2020,12,4,32,늦은 밤 너의 집 앞 골목길에서,노을
2020,12,4,33,어떻게 지내 (Prod. By VAN.C),오반(OVAN)
2020,12,4,34,고독하구만 (Feat. 수퍼비) (Prod. GroovyRoom),머쉬베놈 (MUSHVENOM)
2020,12,4,35,How You Like That,BLACKPINK
2020,12,4,36,아로하,조정석
2020,12,4,37,Dolphin,오마이걸 (OH MY GIRL)
2020,12,4,38,METEOR,창모 (CHANGMO)
2020,12,4,39,뻔한남자,이승기
2020,12,4,40,"모든 날, 모든 순간 (Every day, Every Moment)",폴킴
2020,12,4,41,What Do I Call You,태연 (TAEYEON)
2020,12,4,42,I CAN’T STOP ME,TWICE (트와이스)
2020,12,4,43,Blueming,아이유
2020,12,4,44,서면역에서,순순희
2020,12,4,45,"여백의 미 (Feat. Jessi, JUSTHIS) (Prod. GroovyRoom)",머쉬베놈 (MUSHVENOM)
2020,12,4,46,사실 나는 (Feat.전건호),경서예지
2020,12,4,47,작은 것들을 위한 시 (Boy With Luv) (Feat. Halsey),방탄소년단
2020,12,4,48,마리아 (Maria),화사 (HWASA)
2020,12,4,49,거짓말이라도 해서 널 보고싶어,백지영
2020,12,4,50,"가다 (Feat. 사이먼 도미닉, The Quiett) (Prod. SLO)",머쉬베놈 (MUSHVENOM)
2020,12,4,51,Memories,Maroon 5
2020,12,4,52,오늘도 빛나는 너에게 (To You My Light) (Feat.이라온),마크툽 (MAKTUB)
2020,12,4,53,눈누난나 (NUNU NANA),제시 (Jessi)
2020,12,4,54,마음을 드려요,아이유
2020,12,4,55,가을밤에 든 생각,잔나비
2020,12,4,56,서로를 위한 것,나얼
2020,12,4,57,홀로,이하이
2020,12,4,58,사랑은 지날수록 더욱 선명하게 남아,전상근
2020,12,4,59,적외선 카메라,원슈타인
2020,12,4,60,Dance Monkey,Tones And I
2020,12,4,61,우리 왜 헤어져야 해,신예영
2020,12,4,62,봄날,방탄소년단
2020,12,4,63,Downtown Baby,블루 (BLOO)
2020,12,4,64,잘할게,이승기
2020,12,4,65,2002,Anne-Marie
2020,12,4,66,살짝 설렜어 (Nonstop),오마이걸 (OH MY GIRL)
2020,12,4,67,한잔이면 지워질까,황인욱
2020,12,4,68,소확행,임창정
2020,12,4,69,For You (Feat. Crush),이하이
2020,12,4,70,"사랑 못해, 남들 쉽게 다 하는 거",먼데이 키즈
2020,12,4,71,시작,가호 (Gaho)
2020,12,4,72,원해 (Feat. 팔로알토) (Prod. 코드 쿤스트),스윙스
2020,12,4,73,Panorama,IZ*ONE (아이즈원)
2020,12,4,74,이제 나만 믿어요,임영웅
2020,12,4,75,안녕,폴킴
2020,12,4,76,처음처럼,엠씨더맥스 (M.C the MAX)
2020,12,4,77,행복해,송하예
2020,12,4,78,너를 만나,폴킴
2020,12,4,79,사랑하게 될 줄 알았어,전미도
2020,12,4,80,별을 담은 시 (Ode To The Stars),마크툽 (MAKTUB)
2020,12,4,81,Text Me Merry Christmas (Feat. Kristen Bell),Straight No Chaser
2020,12,4,82,부어라 비워라 (Tricker) (Prod. GroovyRoom),머쉬베놈 (MUSHVENOM)
2020,12,4,83,Bad Boy,청하
2020,12,4,84,Don't Start Now,Dua Lipa
2020,12,4,85,놓아줘 (with 태연),Crush
2020,12,4,86,너도 아는,폴킴
2020,12,4,87,다시 여기 바닷가,"싹쓰리 (유두래곤, 린다G, 비룡)"
2020,12,4,88,Love poem,아이유
2020,12,4,89,아무노래,지코 (ZICO)
2020,12,4,90,Last Christmas,Ariana Grande
2020,12,4,91,Black Mamba,aespa
2020,12,4,92,12:45 (Stripped),Etham
2020,12,4,93,ON,방탄소년단
2020,12,4,94,Blue & Grey,방탄소년단
2020,12,4,95,내 방을 여행하는 법,방탄소년단
2020,12,4,96,Maniac,Conan Gray
2020,12,4,97,Paris in the Rain,Lauv
2020,12,4,98,그날에 나는 맘이 편했을까,이예준
2020,12,4,99,Bad News Cypher vol.2 (Feat. TakeOne),릴보이 (lIlBOI)
2020,12,4,100,"Oh Santa! (Feat. Ariana Grande, Jennifer Hudson)",Mariah Carey
2020,12,5,1,VVS (Feat. JUSTHIS) (Prod. GroovyRoom),미란이 (MIRANI)
2020,12,5,2,밤하늘의 별을(2020),경서
2020,12,5,3,Dynamite,방탄소년단
2020,12,5,4,잠이 오질 않네요,장범준
2020,12,5,5,"내일이 오면 (Feat. 기리보이, BIG Naughty (서동현))",릴보이 (lIlBOI)
2020,12,5,6,힘든 건 사랑이 아니다,임창정
2020,12,5,7,취기를 빌려 (취향저격 그녀 X 산들),산들
2020,12,5,8,Lovesick Girls,BLACKPINK
2020,12,5,9,Life Goes On,방탄소년단
2020,12,5,10,"CREDIT (Feat. 염따, 기리보이, Zion.T)",릴보이 (lIlBOI)
2020,12,5,11,오래된 노래,스탠딩 에그
2020,12,5,12,Savage Love (Laxed - Siren Beat) (BTS Remix),Jawsh 685
2020,12,5,13,내 마음이 움찔했던 순간 (취향저격 그녀 X 규현),규현 (KYUHYUN)
2020,12,5,14,"Achoo (Feat. pH-1, HAON) (Prod. GroovyRoom)",미란이 (MIRANI)
2020,12,5,15,"ON AIR (Feat. 로꼬, 박재범 & GRAY)",릴보이 (lIlBOI)
2020,12,5,16,Freak (Prod. Slom),릴보이 (lIlBOI)
2020,12,5,17,"어떻게 이별까지 사랑하겠어, 널 사랑하는 거지",AKMU (악뮤)
2020,12,5,18,나랑 같이 걸을래 (바른연애 길잡이 X 적재),적재
2020,12,5,19,에잇(Prod.&Feat. SUGA of BTS),아이유
2020,12,5,20,When We Disco (Duet with 선미),박진영
2020,12,5,21,뿌리 (Feat. JUSTHIS) (Prod. GroovyRoom),Khundi Panda
2020,12,5,22,흔들리는 꽃들 속에서 네 샴푸향이 느껴진거야,장범준
2020,12,5,23,All I Want for Christmas Is You,Mariah Carey
2020,12,5,24,혼술하고 싶은 밤,벤
2020,12,5,25,악역 (Feat. 이하이 & 사이먼 도미닉) (Prod. 코드 쿤스트),스윙스
2020,12,5,26,늦은 밤 너의 집 앞 골목길에서,노을
2020,12,5,27,딩가딩가 (Dingga),마마무 (Mamamoo)
2020,12,5,28,어떻게 지내 (Prod. By VAN.C),오반(OVAN)
2020,12,5,29,Santa Tell Me,Ariana Grande
2020,12,5,30,How You Like That,BLACKPINK
2020,12,5,31,DON'T TOUCH ME,환불원정대
2020,12,5,32,아로하,조정석
2020,12,5,33,Dolphin,오마이걸 (OH MY GIRL)
2020,12,5,34,"모든 날, 모든 순간 (Every day, Every Moment)",폴킴
2020,12,5,35,METEOR,창모 (CHANGMO)
2020,12,5,36,서면역에서,순순희
2020,12,5,37,Blueming,아이유
2020,12,5,38,Snowman,Sia
2020,12,5,39,사실 나는 (Feat.전건호),경서예지
2020,12,5,40,I CAN’T STOP ME,TWICE (트와이스)
2020,12,5,41,작은 것들을 위한 시 (Boy With Luv) (Feat. Halsey),방탄소년단
2020,12,5,42,고독하구만 (Feat. 수퍼비) (Prod. GroovyRoom),머쉬베놈 (MUSHVENOM)
2020,12,5,43,미리 메리 크리스마스 (Feat. 천둥 Of MBLAQ),아이유
2020,12,5,44,거짓말이라도 해서 널 보고싶어,백지영
2020,12,5,45,뻔한남자,이승기
2020,12,5,46,마리아 (Maria),화사 (HWASA)
2020,12,5,47,마음을 드려요,아이유
2020,12,5,48,오늘도 빛나는 너에게 (To You My Light) (Feat.이라온),마크툽 (MAKTUB)
2020,12,5,49,Memories,Maroon 5
2020,12,5,50,눈누난나 (NUNU NANA),제시 (Jessi)
2020,12,5,51,사랑은 지날수록 더욱 선명하게 남아,전상근
2020,12,5,52,홀로,이하이
2020,12,5,53,시작,가호 (Gaho)
2020,12,5,54,가을밤에 든 생각,잔나비
2020,12,5,55,What Do I Call You,태연 (TAEYEON)
2020,12,5,56,봄날,방탄소년단
2020,12,5,57,우리 왜 헤어져야 해,신예영
2020,12,5,58,"여백의 미 (Feat. Jessi, JUSTHIS) (Prod. GroovyRoom)",머쉬베놈 (MUSHVENOM)
2020,12,5,59,Dance Monkey,Tones And I
2020,12,5,60,살짝 설렜어 (Nonstop),오마이걸 (OH MY GIRL)
2020,12,5,61,Downtown Baby,블루 (BLOO)
2020,12,5,62,그날에 나는 맘이 편했을까,이예준
2020,12,5,63,2002,Anne-Marie
2020,12,5,64,한잔이면 지워질까,황인욱
2020,12,5,65,"사랑 못해, 남들 쉽게 다 하는 거",먼데이 키즈
2020,12,5,66,소확행,임창정
2020,12,5,67,잘할게,이승기
2020,12,5,68,안녕,폴킴
2020,12,5,69,Panorama,IZ*ONE (아이즈원)
2020,12,5,70,이제 나만 믿어요,임영웅
2020,12,5,71,우린 어쩌다 헤어진 걸까,허각
2020,12,5,72,"가다 (Feat. 사이먼 도미닉, The Quiett) (Prod. SLO)",머쉬베놈 (MUSHVENOM)
2020,12,5,73,너를 만나,폴킴
2020,12,5,74,처음처럼,엠씨더맥스 (M.C the MAX)
2020,12,5,75,적외선 카메라,원슈타인
2020,12,5,76,크리스마스니까,성시경
2020,12,5,77,행복해,송하예
2020,12,5,78,사랑하게 될 줄 알았어,전미도
2020,12,5,79,Love poem,아이유
2020,12,5,80,별을 담은 시 (Ode To The Stars),마크툽 (MAKTUB)
2020,12,5,81,For You (Feat. Crush),이하이
2020,12,5,82,Don't Start Now,Dua Lipa
2020,12,5,83,원해 (Feat. 팔로알토) (Prod. 코드 쿤스트),스윙스
2020,12,5,84,너의 번호를 누르고 (Prod. 영화처럼),#안녕
2020,12,5,85,Bad Boy,청하
2020,12,5,86,아무노래,지코 (ZICO)
2020,12,5,87,다시 여기 바닷가,"싹쓰리 (유두래곤, 린다G, 비룡)"
2020,12,5,88,너도 아는,폴킴
2020,12,5,89,놓아줘 (with 태연),Crush
2020,12,5,90,12:45 (Stripped),Etham
2020,12,5,91,ON,방탄소년단
2020,12,5,92,Black Mamba,aespa
2020,12,5,93,Maniac,Conan Gray
2020,12,5,94,Paris in the Rain,Lauv
2020,12,5,95,부어라 비워라 (Tricker) (Prod. GroovyRoom),머쉬베놈 (MUSHVENOM)
2020,12,5,96,Blue & Grey,방탄소년단
2020,12,5,97,내 방을 여행하는 법,방탄소년단
2020,12,5,98,요즘,양다일
2020,12,5,99,서로를 위한 것,나얼
2020,12,5,100,사랑이었나봐,기리보이
